codigo_postal,precio_m2,precio_medio,superficie_media,total_informados,total,es_estimado
46001,3564.824826,400157.191886,112.2515,159.0,173.0,0
46002,3329.189816,419839.371714,126.1085,175.0,273.0,0
46003,3436.637067,360787.978342,104.9828,175.0,199.0,0
46004,4982.029703,863053.612222,173.2333,90.0,95.0,0
46005,3889.953315,479412.554925,123.2437,201.0,219.0,0
46006,3021.001188,284901.009788,94.3068,616.0,658.0,0
46007,2536.241365,261250.271899,103.0068,437.0,470.0,0
46008,3078.623523,305768.888333,99.32,300.0,323.0,0
46009,2310.265834,209704.393157,90.7706,532.0,576.0,0
46010,3298.260904,396817.083444,120.311,209.0,223.0,0
46011,2925.908984,194314.779007,66.4117,816.0,919.0,0
46012,2074.391224,213605.850068,102.9727,147.0,163.0,0
46013,2436.711829,242879.772222,99.6752,234.0,248.0,0
46014,2221.595894,198272.338201,89.2477,545.0,565.0,0
46015,2707.931984,261071.647617,96.4099,361.0,387.0,0
46016,1376.29128,163662.76421,118.9157,95.0,110.0,0
46017,1914.795622,171390.931353,89.5087,458.0,483.0,0
46018,2247.858923,198820.239919,88.4487,624.0,662.0,0
46019,1807.027165,145157.96846,80.3297,552.0,573.0,0
46020,2603.247974,245301.648325,94.229,227.0,241.0,0
46021,2806.268425,265653.923486,94.6644,304.0,331.0,0
46022,2490.462182,226939.989934,91.1236,461.0,486.0,0
46023,3217.140161,306733.59049,95.3435,326.0,352.0,0
46024,2483.021592,236601.440223,95.2877,358.0,383.0,0
46025,2108.134886,187095.486591,88.7492,355.0,375.0,0
46026,1879.70867,203463.869565,108.2422,161.0,178.0,0
46035,1582.896429,163996.626324,103.6054,185.0,200.0,0
46100,1529.922101,157452.90895,102.9156,486.0,515.0,0
46110,2329.446243,355333.317699,152.5398,113.0,122.0,0
46112,2233.459441,538365.246363,241.0454,22.0,25.0,0
46117,2055.340498,349402.822389,169.9975,406.0,424.0,0
46120,2398.691655,288574.514609,120.3049,141.0,155.0,0
46130,1375.601466,158080.063502,114.917,217.0,258.0,0
46131,1533.255666,195106.783541,127.25,48.0,51.0,0
46135,1359.22261,168049.340909,123.6363,44.0,46.0,0
46160,1104.237334,146957.897386,133.0854,398.0,434.0,0
46180,923.69389,128362.063058,138.966,206.0,230.0,0
46182,2174.023545,425447.882352,195.696,102.0,106.0,0
46183,2282.984611,379134.723546,166.0697,172.0,196.0,0
46185,1713.337356,232119.732562,135.4781,320.0,342.0,0
46190,1390.397284,213213.623504,153.3472,311.0,380.0,0
46200,1466.203062,167504.759664,114.2439,328.0,343.0,0
46210,1616.906093,240022.891325,148.4457,83.0,90.0,0
46220,1217.743266,170388.2797,139.9213,267.0,297.0,0
46229,,,,,,0
46230,788.803545,118232.887037,149.8888,162.0,171.0,0
46240,640.351191,75188.336205,117.4173,369.0,453.0,0
46250,925.317993,92606.612297,100.0808,235.0,243.0,0
46268,,,,,2.0,0
46370,985.616117,169832.031921,172.3105,380.0,475.0,0
46450,848.08704,120828.095031,142.4713,157.0,167.0,0
46460,1144.503201,132149.072236,115.4641,237.0,245.0,0
46470,1249.414527,138597.678345,110.93,701.0,813.0,0
46500,1248.106453,149213.5579,119.5519,462.0,485.0,0
46520,1420.285811,144966.675555,102.0686,801.0,839.0,0
46530,1942.66531,233662.098834,120.2791,369.0,383.0,0
46600,940.795373,104023.968452,110.5702,840.0,982.0,0
46680,689.289369,87915.999606,127.5458,458.0,507.0,0
46701,1201.546168,138835.98121,115.5477,471.0,484.0,0
46702,1009.321307,107025.151682,106.0367,517.0,548.0,0
46728,1948.50818,337416.666666,173.1666,18.0,19.0,0
46730,1978.204523,177759.644872,89.859,589.0,648.0,0
46760,991.96465,101909.076139,102.7345,373.0,421.0,0
46780,1367.09265,164124.815822,120.0539,742.0,799.0,0
46792,941.080196,164285.714285,174.5714,14.0,15.0,0
46800,750.086596,103679.000196,138.2227,458.0,551.0,0
46870,751.997537,106520.04686,141.6494,465.0,520.0,0
46900,1280.278326,152396.307562,119.0337,919.0,1022.0,0
46901,1456.365707,406284.021826,278.9711,104.0,110.0,0
46909,,,,,,0
46910,1296.039964,134486.872484,103.7675,499.0,532.0,0
46920,2050.121714,186684.357282,91.0601,449.0,628.0,0
46930,1697.559723,153863.30112,90.6379,232.0,246.0,0
46940,1461.95668,151770.500393,103.8132,407.0,424.0,0
46950,1503.361645,131837.847119,87.6953,302.0,310.0,0
46960,1427.235383,143959.055582,100.8656,335.0,357.0,0
46970,1431.089651,133521.278669,93.3004,233.0,243.0,0
46980,1699.045857,191692.932139,112.8238,687.0,755.0,0
46988,,,,,1.0,0
46989,2094.200203,267875.521739,127.913,23.0,23.0,0
46111,2433.592275,553354.636363,227.3818,55.0,58.0,0
46113,1652.685411,188193.16201,113.8711,194.0,202.0,0
46114,1669.438948,183209.0,109.7428,35.0,38.0,0
46115,1787.251809,194434.183684,108.7894,38.0,39.0,0
46116,,,,,,0
46118,1125.754828,154369.130833,137.125,96.0,103.0,0
46119,1432.352455,194346.842908,135.6836,196.0,229.0,0
46132,1803.443347,178856.958762,99.1752,97.0,100.0,0
46133,1588.648468,176108.302083,110.8541,96.0,106.0,0
46134,1528.528191,174276.47619,114.0158,63.0,66.0,0
46136,1589.083304,163541.561325,102.9156,83.0,85.0,0
46137,2463.669424,189686.011006,76.9932,149.0,159.0,0
46138,1629.030182,176114.932205,108.1102,136.0,144.0,0
46139,1594.063928,158634.01134,99.5154,97.0,102.0,0
46149,1177.602813,159146.478,135.1444,90.0,98.0,0
46164,632.662018,120316.776842,190.1754,57.0,63.0,0
46169,833.145848,145001.616438,174.041,73.0,78.0,0
46170,454.331323,65411.26315,143.9726,73.0,88.0,0
46171,821.186579,122376.829268,149.0243,41.0,45.0,0
46184,2289.775427,359494.742083,157.0,144.0,148.0,0
46191,920.746069,122511.957224,133.0572,227.0,271.0,0
46192,1177.822798,174040.958617,147.7649,217.0,229.0,0
46193,1085.501517,140906.868686,129.808,99.0,108.0,0
46195,505.33309,95734.482758,189.4482,29.0,31.0,0
46196,610.335704,106027.5186,173.72,50.0,76.0,0
46260,645.382021,99227.485806,153.75,248.0,274.0,0
46270,526.052816,74981.313928,142.5357,84.0,97.0,0
46290,1084.801576,139859.377049,128.9262,122.0,127.0,0
46300,592.465937,73758.396585,124.4939,164.0,196.0,0
46312,1033.505154,160400.0,155.2,5.0,5.0,0
46313,563.380901,68476.387727,121.5454,22.0,30.0,0
46321,,,,,3.0,0
46351,,,,,1.0,0
46360,740.636634,84873.285702,114.595,121.0,131.0,0
46380,667.6612,122310.396153,183.1923,78.0,112.0,0
46388,1070.651324,141013.375912,131.708,137.0,144.0,0
46389,867.751754,138194.632083,159.2559,168.0,186.0,0
46400,1626.936402,158220.205669,97.2503,635.0,671.0,0
46408,1918.905146,186434.803921,97.1568,102.0,104.0,0
46409,1419.726197,182520.0,128.56,25.0,27.0,0
46410,1075.52892,110621.217807,102.8528,333.0,373.0,0
46419,1726.124791,149797.612318,86.7826,69.0,70.0,0
46420,1757.8498,154914.001428,88.1269,63.0,68.0,0
46440,1117.514156,159239.344827,142.4942,87.0,95.0,0
46512,1081.283617,111194.95295,102.836,61.0,63.0,0
46529,1710.324931,188364.247368,110.1336,247.0,256.0,0
46540,2454.356824,266031.683741,108.3916,286.0,312.0,0
46550,1320.232126,175887.925,133.225,40.0,41.0,0
46560,1457.752192,179658.108108,123.2432,37.0,39.0,0
46610,647.311055,88867.623563,137.2873,87.0,108.0,0
46612,651.876424,75638.359682,116.0317,63.0,69.0,0
46614,829.162778,104136.076326,125.5918,49.0,60.0,0
46620,438.783388,70241.161224,160.0816,49.0,56.0,0
46640,462.788373,80274.5,173.4583,48.0,57.0,0
46650,495.306275,71129.791153,143.6076,130.0,143.0,0
46659,835.367886,102750.25,123.0,4.0,5.0,0
46670,627.766984,86550.841612,137.8709,62.0,66.0,0
46687,586.859341,74779.423076,127.423,52.0,60.0,0
46690,480.769126,68103.433563,141.6551,87.0,95.0,0
46691,408.439784,62116.883888,152.0833,36.0,46.0,0
46710,1951.682494,171100.977647,87.6684,187.0,195.0,0
46711,1477.682241,141143.011428,95.5164,182.0,190.0,0
46712,1346.741976,127113.774851,94.3861,101.0,107.0,0
46713,1098.842481,117246.492785,106.7,140.0,152.0,0
46717,954.145252,123766.269841,129.7142,126.0,141.0,0
46720,897.601766,98642.937012,109.8961,77.0,83.0,0
46727,723.538109,131278.04878,181.439,41.0,44.0,0
46740,705.454468,98493.163801,139.6166,313.0,431.0,0
46749,279.072133,42837.5725,153.5,4.0,5.0,0
46750,679.928587,89650.584117,131.8529,34.0,42.0,0
46770,1136.065712,133056.30386,117.1202,158.0,168.0,0
46812,467.544249,72681.878787,155.4545,33.0,43.0,0
46815,469.99011,69397.396857,147.6571,35.0,40.0,0
46823,348.867817,61964.862553,177.617,47.0,54.0,0
46830,508.621631,73721.879861,144.9444,72.0,86.0,0
46838,480.720492,78102.941176,162.4705,34.0,38.0,0
46850,668.171786,77030.661688,115.2857,154.0,187.0,0
46860,403.217929,65562.403917,162.5979,97.0,113.0,0
46880,586.085537,81609.420816,139.2448,49.0,58.0,0
46894,570.931133,97965.065588,171.5882,34.0,36.0,0
46140,274.339092,42676.875,155.5625,16.0,27.0,0
46148,498.451973,61870.35125,124.125,8.0,8.0,0
46163,960.620525,161000.0,167.6,25.0,32.0,0
46177,346.887855,47223.0,136.1333,30.0,33.0,0
46178,227.805302,52536.241904,230.619,21.0,29.0,0
46181,1090.144534,142881.610333,131.0666,30.0,33.0,0
46194,710.048234,116897.607666,164.6333,30.0,34.0,0
46266,334.862385,56153.846153,167.6923,13.0,15.0,0
46269,568.443051,108800.0,191.4,10.0,10.0,0
46291,543.730509,89021.808965,163.7241,29.0,30.0,0
46292,475.57591,72483.363823,152.4117,34.0,38.0,0
46293,548.701506,100183.75,182.5833,36.0,37.0,0
46294,461.291788,73026.038461,158.3076,26.0,30.0,0
46295,451.240538,71362.855555,158.1481,27.0,29.0,0
46320,652.594547,67454.545454,103.3636,11.0,13.0,0
46330,854.251012,74470.588235,87.1764,17.0,19.0,0
46340,801.090437,95381.57388,119.0646,201.0,235.0,0
46352,383.777239,63400.0,165.2,10.0,24.0,0
46353,,,,,,0
46354,360.611038,49895.454545,138.3636,11.0,11.0,0
46355,459.715624,58199.998,126.6,5.0,7.0,0
46356,,,,,3.0,0
46357,1312.202852,127384.615384,97.0769,13.0,16.0,0
46367,621.404483,66405.542727,106.8636,44.0,47.0,0
46368,489.883967,80659.964883,164.6511,43.0,45.0,0
46369,917.985767,114891.65625,125.1562,32.0,33.0,0
46390,467.773536,55707.575757,119.0909,33.0,43.0,0
46391,815.881796,86279.5,105.75,4.0,5.0,0
46392,902.993901,95179.857142,105.4047,42.0,45.0,0
46393,1352.562837,187803.35,138.85,20.0,21.0,0
46417,1013.938753,106688.888888,105.2222,18.0,22.0,0
46418,789.069171,115500.0,146.375,8.0,8.0,0
46430,835.480454,109591.164714,131.1714,70.0,71.0,0
46439,,,,,4.0,0
46469,908.142727,130851.521739,144.0869,23.0,27.0,0
46501,1095.168507,135443.774782,123.6739,46.0,48.0,0
46510,1003.157397,132974.086111,132.5555,18.0,20.0,0
46511,982.54916,116316.48147,118.3823,34.0,35.0,0
46515,822.15882,115266.666666,140.2,15.0,15.0,0
46590,697.247706,118222.222222,169.5555,18.0,21.0,0
46591,1032.802756,165628.947368,160.3684,38.0,43.0,0
46613,707.523769,87245.0,123.3103,29.0,30.0,0
46625,393.078785,55817.1875,142.0,12.0,16.0,0
46630,411.760211,50043.571428,121.5357,28.0,34.0,0
46660,612.00882,83443.031142,136.3428,35.0,45.0,0
46666,522.427652,99515.004571,190.4857,35.0,41.0,0
46667,444.647606,89166.666666,200.5333,15.0,24.0,0
46668,436.418309,82986.62,190.1538,13.0,15.0,0
46669,614.96502,81944.088928,133.25,28.0,31.0,0
46688,683.249466,94832.237142,138.7959,49.0,50.0,0
46689,721.815932,97252.666666,134.7333,15.0,17.0,0
46692,461.736409,80688.4375,174.75,16.0,21.0,0
46703,1173.438534,180496.181818,153.8181,11.0,11.0,0
46714,899.885057,123615.789473,137.3684,19.0,21.0,0
46715,611.363152,95678.333333,156.5,30.0,33.0,0
46716,604.200064,104694.444444,173.2777,18.0,20.0,0
46721,769.830188,97145.238095,126.1904,21.0,27.0,0
46722,920.515517,150417.211351,163.4054,37.0,56.0,0
46723,812.530906,103036.65738,126.8095,42.0,48.0,0
46724,870.370033,117412.9175,134.9,40.0,47.0,0
46725,863.38439,101460.0,117.5142,35.0,42.0,0
46726,692.962962,116937.5,168.75,16.0,18.0,0
46729,931.483382,142067.275862,152.5172,29.0,32.0,0
46758,855.500581,276059.34375,322.6875,32.0,36.0,0
46790,1169.30848,135591.0625,115.9583,48.0,51.0,0
46791,392.340425,59930.0,152.75,16.0,16.0,0
46810,482.92188,68943.237288,142.7627,59.0,73.0,0
46811,,,,,1.0,0
46816,368.060824,50362.989444,136.8333,18.0,25.0,0
46820,467.216522,60944.04,130.4406,59.0,61.0,0
46821,444.318007,78091.891891,175.7567,37.0,47.0,0
46822,411.689291,64223.529411,156.0,17.0,17.0,0
46837,466.971333,80285.714285,171.9285,14.0,18.0,0
46840,516.371818,85201.35,165.0,14.0,17.0,0
46841,401.034775,50300.0,125.4255,47.0,49.0,0
46842,500.403287,77003.235294,153.8823,17.0,20.0,0
46869,511.010446,80131.304761,156.8095,21.0,22.0,0
46890,625.011934,92429.649615,147.8846,26.0,31.0,0
46892,336.614274,81650.0,242.5625,16.0,20.0,0
46893,399.443207,44837.5,112.25,8.0,8.0,0
46141,198.535262,43916.0,221.2,5.0,8.0,0
46143,,,,,2.0,0
46145,,,,,2.0,0
46146,,,,,9.0,0
46147,,,,,5.0,0
46162,598.364937,117023.085714,195.5714,7.0,10.0,0
46165,532.373199,77290.90909,145.1818,11.0,11.0,0
46166,496.456876,70993.333333,143.0,15.0,21.0,0
46167,772.132006,98266.666666,127.2666,15.0,16.0,0
46168,605.35117,51714.285714,85.4285,7.0,8.0,0
46172,513.977142,76108.153846,148.0769,13.0,15.0,0
46173,492.058516,58862.5,119.625,8.0,11.0,0
46174,1203.703703,181071.428571,150.4285,7.0,9.0,0
46175,596.013855,73379.823529,123.1176,17.0,18.0,0
46176,442.179828,50388.401363,113.9545,44.0,53.0,0
46179,,,,,4.0,0
46198,586.158815,62216.571428,106.1428,7.0,9.0,0
46199,410.565723,54833.333333,133.5555,9.0,15.0,0
46267,754.132539,101280.0,134.3,10.0,11.0,0
46310,434.790109,44476.470588,102.2941,17.0,26.0,0
46311,,,,,6.0,0
46314,459.033614,97039.706,211.4,10.0,14.0,0
46315,671.646341,73433.333333,109.3333,12.0,15.0,0
46317,449.97363,63382.0,140.8571,7.0,11.0,0
46350,498.547918,51500.0,103.3,10.0,15.0,0
46514,1049.035874,124765.333333,118.9333,15.0,15.0,0
46592,391.203703,63375.0,162.0,4.0,4.0,0
46593,689.859693,196672.727272,285.0909,11.0,11.0,0
46594,604.784366,128214.285714,212.0,7.0,7.0,0
46595,1084.083601,168575.0,155.5,20.0,20.0,0
46611,775.69185,93138.428571,120.0714,14.0,14.0,0
46621,,,,,4.0,0
46622,359.666666,67437.5,187.5,8.0,15.0,0
46623,237.808549,39500.0,166.1,10.0,18.0,0
46624,359.054607,61884.117647,172.3529,17.0,21.0,0
46635,450.079803,70501.786428,156.6428,14.0,15.0,0
46813,550.58651,93875.0,170.5,8.0,9.0,0
46814,480.423341,95784.40375,199.375,24.0,26.0,0
46817,,,,,1.0,0
46818,,,,,4.0,0
46819,565.547981,89875.0,158.9166,12.0,12.0,0
46824,249.848812,57840.0,231.5,10.0,13.0,0
46825,,,,,4.0,0
46839,392.345476,73730.76923,187.923,13.0,16.0,0
46843,435.403283,87142.857142,200.1428,7.0,8.0,0
46844,469.15274,119399.3725,254.5,4.0,5.0,0
46868,387.804878,58300.0,150.3333,9.0,10.0,0
46891,362.642712,34088.415,94.0,54.0,57.0,0
03001,2768.647219,283770.053823,102.4941,170.0,179.0,0
03002,2716.035865,247881.007552,91.2657,143.0,156.0,0
03003,2594.818443,305833.333333,117.863,168.0,183.0,0
03004,2077.669678,216695.796198,104.2975,242.0,255.0,0
03005,2130.336752,213522.684386,100.2295,440.0,458.0,0
03006,1529.56685,131448.490084,85.9383,357.0,377.0,0
03007,1766.736621,168335.527103,95.2804,328.0,358.0,0
03008,2482.257095,254596.257447,102.5664,286.0,302.0,0
03009,1488.657919,134609.224948,90.4232,293.0,311.0,0
03010,1475.330618,136218.870945,92.331,296.0,320.0,0
03011,909.807598,76573.719913,84.1647,346.0,385.0,0
03012,1373.675838,121012.402389,88.0938,586.0,608.0,0
03013,1630.121136,136592.477723,83.7928,391.0,412.0,0
03014,877.669777,64567.140102,73.5665,293.0,321.0,0
03015,1551.288688,160843.480972,103.6837,370.0,406.0,0
03016,2757.725747,278818.421144,101.1044,201.0,212.0,0
03110,1756.703524,234146.575995,133.2874,487.0,510.0,0
03112,1233.969753,143978.372098,116.679,81.0,89.0,0
03113,1410.99526,212657.142857,150.7142,21.0,24.0,0
03114,1753.420217,241752.8125,137.875,16.0,17.0,0
03130,2430.946952,197444.664021,81.2212,1681.0,1767.0,0
03138,2692.307692,161000.0,59.8,5.0,5.0,0
03140,2245.145808,176988.29813,78.8315,1300.0,1397.0,0
03158,1015.715651,149863.635641,147.5448,156.0,174.0,0
03170,2334.826147,249003.716306,106.6476,999.0,1027.0,0
03177,1888.248771,166556.564059,88.2068,638.0,655.0,0
03179,1217.549308,97832.341666,80.3518,162.0,199.0,0
03181,1680.537475,121065.9197,72.04,900.0,1050.0,0
03182,1813.050692,118774.527453,65.5108,1288.0,1447.0,0
03183,2497.246089,162719.847899,65.1597,1271.0,1325.0,0
03184,2016.137219,138371.808074,68.6321,753.0,781.0,0
03185,2711.238022,189634.17352,69.9437,889.0,921.0,0
03186,2370.373483,210765.708947,88.9166,228.0,234.0,0
03188,2448.336909,148520.4375,60.6617,476.0,498.0,0
03190,2128.101906,202243.773636,95.0348,517.0,542.0,0
03194,1930.678045,160246.277777,83.0,54.0,60.0,0
03195,2335.668226,194896.71,83.4436,284.0,306.0,0
03201,1236.836488,122903.145181,99.3689,496.0,540.0,0
03202,1569.381636,165643.327421,105.5468,256.0,301.0,0
03203,1552.926648,157511.816203,101.429,324.0,379.0,0
03204,1241.4375,128194.567803,103.263,346.0,366.0,0
03205,1135.731986,112928.333898,99.4322,236.0,258.0,0
03206,909.110434,80248.391487,88.2713,457.0,489.0,0
03207,1260.91037,268700.0,213.1,10.0,16.0,0
03208,1953.886073,217083.480344,111.1034,29.0,52.0,0
03290,1519.003378,513857.142857,338.2857,7.0,9.0,0
03291,1587.935761,405400.0,255.3,10.0,10.0,0
03292,1351.878172,153646.153846,113.6538,26.0,27.0,0
03293,1927.264287,203452.073478,105.5652,23.0,28.0,0
03294,1802.606305,187271.618468,103.8893,235.0,276.0,0
03295,1417.214532,218440.0,154.1333,15.0,22.0,0
03296,917.473663,236891.7,258.2,20.0,25.0,0
03317,,,,,3.0,0
03320,1198.668572,123758.425068,103.2465,73.0,79.0,0
03340,786.06868,100330.243842,127.6354,203.0,240.0,0
03409,568.378913,99521.314193,175.0967,31.0,35.0,0
03440,888.62891,94933.692558,106.8316,297.0,329.0,0
03501,2233.11394,172677.962732,77.326,322.0,345.0,0
03502,3476.620899,280667.790119,80.73,752.0,827.0,0
03503,2845.297066,201936.452328,70.972,786.0,842.0,0
03530,1875.446708,245756.969765,131.0391,383.0,412.0,0
03540,3429.993258,380534.305821,110.9431,651.0,725.0,0
03550,2468.516708,260744.165344,105.6278,653.0,699.0,0
03559,2118.722706,227611.353571,107.4285,14.0,14.0,0
03560,2562.255678,262588.372948,102.4832,658.0,729.0,0
03570,2262.230533,217316.286533,96.0628,923.0,1016.0,0
03590,2880.536798,378276.843773,131.3216,485.0,517.0,0
03599,2785.138387,445086.538461,159.8076,52.0,55.0,0
03600,780.563048,80375.156154,102.9707,957.0,1071.0,0
03610,988.861728,105406.390864,106.5936,347.0,379.0,0
03657,,,,,3.0,0
03660,796.147282,91646.676589,115.1127,346.0,373.0,0
03680,879.675953,115857.175693,131.7043,274.0,288.0,0
03690,1630.450337,189172.66352,116.0247,605.0,677.0,0
03699,939.347414,224828.534,239.3454,55.0,62.0,0
03710,2840.796905,326678.961975,114.9955,896.0,959.0,0
03720,2580.558643,497762.183893,192.8893,262.0,297.0,0
03770,2300.987508,228521.583874,99.3145,302.0,323.0,0
03780,1129.928184,161035.864481,142.5186,241.0,251.0,0
03100,548.872082,67604.823863,123.1704,176.0,232.0,0
03111,1366.564881,308535.516274,225.7745,102.0,115.0,0
03139,1977.288385,382652.380952,193.5238,21.0,25.0,0
03150,1216.000678,152163.206829,125.1341,164.0,190.0,0
03160,922.893739,98794.649295,107.0487,369.0,491.0,0
03178,2342.191666,284810.506666,121.6,150.0,155.0,0
03187,1868.450803,188104.950057,100.6742,175.0,190.0,0
03189,2688.284583,242613.610481,90.2484,2640.0,2726.0,0
03191,2626.458503,238808.447754,90.9241,659.0,678.0,0
03193,2027.677195,189591.50449,93.5018,550.0,571.0,0
03300,1880.93743,184104.485139,97.8791,1216.0,1328.0,0
03311,1664.227742,174336.346938,104.7551,98.0,108.0,0
03312,625.568204,94293.980666,150.7333,30.0,36.0,0
03313,1679.218518,175285.76422,104.3853,109.0,116.0,0
03314,736.578866,90407.049565,122.7391,23.0,28.0,0
03315,1187.385192,162071.094117,136.4941,85.0,89.0,0
03316,1060.93978,143787.366792,135.5283,53.0,59.0,0
03319,3052.606391,289183.578833,94.7333,60.0,67.0,0
03321,,,,,,0
03322,,,,,,0
03325,763.193504,94000.0,123.1666,6.0,7.0,0
03330,733.314172,78170.788561,106.5993,292.0,333.0,0
03339,1242.745098,176055.555555,141.6666,9.0,12.0,0
03348,613.831993,112740.47619,183.6666,21.0,26.0,0
03350,610.308934,84163.807951,137.9036,83.0,94.0,0
03360,606.945355,68697.686942,113.1859,242.0,289.0,0
03369,589.813934,76634.421052,129.9298,57.0,62.0,0
03370,626.690709,83651.60432,133.4814,81.0,90.0,0
03380,891.710288,105884.678318,118.7433,113.0,117.0,0
03390,724.97984,96361.90375,132.9166,72.0,76.0,0
03400,545.157451,72041.901137,132.1487,457.0,632.0,0
03408,562.034739,75500.0,134.3333,6.0,6.0,0
03410,692.206583,82651.388888,119.4027,72.0,79.0,0
03420,868.732792,116753.43472,134.3951,286.0,303.0,0
03430,749.17572,85103.173829,113.5957,94.0,191.0,0
03450,503.71074,77143.775094,153.1509,53.0,80.0,0
03509,2826.06608,377731.363338,133.6597,629.0,658.0,0
03510,1190.251399,126268.669904,106.0857,105.0,111.0,0
03520,2756.693222,328451.50526,119.1469,211.0,215.0,0
03580,2402.264555,320807.271407,133.5436,206.0,220.0,0
03581,3015.020803,363836.727269,120.6746,249.0,275.0,0
03630,663.51941,97000.975389,146.1916,167.0,188.0,0
03639,,,,,,0
03640,627.657229,79461.405217,126.6,230.0,266.0,0
03649,574.142791,82829.666666,144.2666,15.0,22.0,0
03658,908.331558,232615.454545,256.0909,11.0,18.0,0
03669,925.68751,148126.241754,160.0175,57.0,67.0,0
03670,1223.329256,197325.118189,161.3017,116.0,126.0,0
03679,1756.276747,207856.493506,118.3506,77.0,79.0,0
03689,995.529341,184412.592592,185.2407,54.0,105.0,0
03698,897.958703,107030.375964,119.1929,57.0,67.0,0
03700,2971.518507,310878.92886,104.6195,1422.0,1555.0,0
03709,1528.079988,256309.95,167.7333,30.0,33.0,0
03724,3427.110965,570247.073341,166.3929,425.0,442.0,0
03725,1605.580152,212874.906233,132.5844,77.0,87.0,0
03726,2756.500819,401874.848598,145.7916,264.0,270.0,0
03727,1849.476926,281212.966666,152.05,60.0,71.0,0
03730,3481.165569,535823.953979,153.9208,897.0,979.0,0
03737,2931.537033,987011.875,336.6875,16.0,16.0,0
03738,4471.60828,573189.577236,128.1842,76.0,91.0,0
03739,734.525447,667500.0,908.75,4.0,4.0,0
03740,1338.1356,179253.22851,133.9574,94.0,94.0,0
03749,1833.75959,325909.090909,177.7272,11.0,18.0,0
03750,2100.66054,280673.97053,133.6122,245.0,289.0,0
03759,1178.80457,200430.457142,170.0285,35.0,60.0,0
03760,1332.722751,159090.234042,119.3723,94.0,101.0,0
03779,1859.628828,243933.517007,131.1732,127.0,131.0,0
03801,794.951496,74234.788071,93.3827,337.0,413.0,0
03802,867.714774,83964.383076,96.7649,234.0,252.0,0
03803,841.747125,86332.95216,102.564,250.0,269.0,0
03804,825.63027,78727.84129,95.3548,217.0,238.0,0
03819,,,,,,0
03820,714.129098,93857.521739,131.4293,184.0,222.0,0
03829,644.914168,84384.538461,130.8461,13.0,20.0,0
03830,631.675615,95370.256767,150.9797,99.0,111.0,0
03839,674.753451,114033.333333,169.0,6.0,7.0,0
03870,,,,,,0
03108,666.939764,113379.76,170.0,15.0,15.0,0
03109,1146.025901,165505.240666,144.4166,60.0,66.0,0
03159,1321.933696,137829.746263,104.2637,91.0,97.0,0
03169,2465.624209,227088.069929,92.1016,423.0,427.0,0
03176,,,,,,0
03310,864.559923,103981.857142,120.2714,70.0,73.0,0
03349,833.097262,82997.314791,99.625,48.0,83.0,0
03460,500.905797,86406.25,172.5,16.0,21.0,0
03469,335.531739,50875.0,151.625,8.0,12.0,0
03516,1240.046838,176500.0,142.3333,6.0,6.0,0
03517,638.046166,91143.928181,142.8484,33.0,34.0,0
03518,678.528021,95704.761904,141.0476,21.0,24.0,0
03569,1726.707597,187491.666666,108.5833,24.0,27.0,0
03578,914.33447,113113.333333,123.7111,45.0,47.0,0
03579,1288.82984,198230.344516,153.8064,31.0,35.0,0
03638,737.512931,111387.5,151.0312,32.0,34.0,0
03650,765.337725,118306.580882,154.5808,136.0,160.0,0
03659,1267.34505,342500.0,270.25,4.0,6.0,0
03668,480.612234,79220.916666,164.8333,30.0,36.0,0
03688,1337.920083,198124.839263,148.0842,95.0,104.0,0
03723,,,,,1.0,0
03728,1647.327357,306793.045,186.2368,38.0,40.0,0
03729,1617.9642,288557.692307,178.3461,26.0,29.0,0
03769,1776.296148,371875.0,209.3541,48.0,49.0,0
03778,1733.224826,185737.209302,107.1627,43.0,50.0,0
03786,1369.905737,138309.742222,100.9629,27.0,28.0,0
03788,668.912963,95865.789473,143.3157,19.0,22.0,0
03789,736.73036,57833.333333,78.5,6.0,9.0,0
03790,1952.65515,234769.230769,120.2307,26.0,29.0,0
03791,2138.36759,256375.0,119.8928,28.0,29.0,0
03792,1905.101905,260061.53,136.5079,63.0,65.0,0
03793,662.075298,103000.0,155.5714,14.0,17.0,0
03794,987.401574,139333.333333,141.1111,9.0,10.0,0
03795,1269.707605,195081.504285,153.6428,14.0,15.0,0
03810,526.690391,78352.941176,148.7647,17.0,20.0,0
03811,334.567901,54200.0,162.0,5.0,6.0,0
03812,358.218318,114200.0,318.8,5.0,6.0,0
03813,227.613806,65000.0,285.5714,7.0,8.0,0
03814,931.415929,105250.0,113.0,4.0,4.0,0
03815,,,,,3.0,0
03816,,,,,2.0,0
03827,363.411693,66988.888888,184.3333,9.0,13.0,0
03828,424.249877,78409.090909,184.8181,11.0,15.0,0
03837,418.490005,86069.444444,205.6666,9.0,10.0,0
03838,,,,,2.0,0
03840,721.715817,103538.461538,143.4615,13.0,15.0,0
03841,785.637727,122166.666666,155.5,6.0,7.0,0
03850,246.149614,49722.222222,202.0,18.0,18.0,0
03860,304.97825,63100.0,206.9,10.0,12.0,0
43001,1991.222203,196261.148421,98.5631,190.0,201.0,0
43002,1837.068995,176160.303579,95.892,176.0,178.0,0
43003,2116.64213,187666.782937,88.6625,160.0,167.0,0
43004,1720.89622,134994.747962,78.4444,162.0,166.0,0
43005,2274.033723,205556.405535,90.3928,224.0,235.0,0
43006,1051.869401,91350.81183,86.8461,377.0,410.0,0
43007,2106.769309,216365.968628,102.7003,277.0,303.0,0
43008,2336.046256,381576.47,163.3428,35.0,39.0,0
43100,1050.326085,85841.650476,81.7285,210.0,228.0,0
43110,1382.780502,140016.402857,101.2571,70.0,71.0,0
43120,861.901485,94259.987256,109.3628,113.0,130.0,0
43130,1071.295168,80921.600289,75.5362,138.0,147.0,0
43140,1310.954042,129702.515625,98.9375,64.0,75.0,0
43151,1613.554848,249704.225737,154.754,61.0,66.0,0
43201,1361.545251,133511.889636,98.059,220.0,245.0,0
43202,1494.228897,152063.710612,101.7673,245.0,261.0,0
43203,1327.504982,144240.282758,108.6551,116.0,122.0,0
43204,1446.74991,127753.690653,88.3039,306.0,360.0,0
43205,1395.648762,123455.623224,88.4575,459.0,493.0,0
43206,1866.506977,230538.171052,123.5131,76.0,84.0,0
43300,981.699722,121976.190476,124.25,84.0,96.0,0
43330,1280.105002,132976.424827,103.8793,58.0,60.0,0
43340,1344.046587,134798.603448,100.2931,58.0,63.0,0
43440,699.861943,110078.285714,157.2857,35.0,48.0,0
43460,1144.81528,152436.557692,133.1538,52.0,56.0,0
43470,1187.995938,156960.341463,132.1219,41.0,46.0,0
43480,1741.335267,164642.46518,94.5495,222.0,255.0,0
43481,2451.827034,132368.759512,53.9878,246.0,264.0,0
43491,559.842519,101571.428571,181.4285,7.0,11.0,0
43500,926.054215,87418.462592,94.3988,351.0,447.0,0
43510,793.862897,63017.592857,79.3809,21.0,26.0,0
43517,,,,,3.0,0
43520,785.822527,99202.817962,126.2407,54.0,84.0,0
43527,,,,,5.0,0
43529,1166.786199,130540.04,111.88,25.0,26.0,0
43530,865.740125,108984.056406,125.8854,192.0,250.0,0
43540,1162.940849,109825.619351,94.4378,370.0,408.0,0
43549,,,,,2.0,0
43560,464.400624,60311.507246,129.8695,69.0,89.0,0
43569,1358.842794,122029.411764,89.8039,51.0,61.0,0
43570,544.531498,80661.249259,148.1296,54.0,77.0,0
43580,887.551011,98964.081642,111.5024,207.0,280.0,0
43590,695.694915,72434.117647,104.1176,34.0,39.0,0
43700,1375.762381,160221.530407,116.4601,565.0,668.0,0
43711,1105.393574,202602.850816,183.2857,49.0,57.0,0
43717,1045.025066,160471.459734,153.5575,113.0,117.0,0
43718,825.3718,145949.891585,176.8292,82.0,85.0,0
43720,925.849389,128285.063728,138.5593,59.0,97.0,0
43730,832.367438,94866.766666,113.9722,36.0,38.0,0
43740,605.387371,77334.873444,127.7444,90.0,103.0,0
43750,469.129967,59021.621621,125.8108,37.0,58.0,0
43760,1353.838343,130467.263508,96.3684,57.0,73.0,0
43761,1549.819229,177408.718823,114.4705,85.0,88.0,0
43770,538.896324,64667.558947,120.0,38.0,41.0,0
43780,355.140048,83863.785714,236.1428,14.0,21.0,0
43800,837.532167,105033.434756,125.4082,267.0,307.0,0
43812,953.987508,136929.007111,143.5333,45.0,47.0,0
43813,393.210749,119142.857142,303.0,7.0,8.0,0
43815,1350.993377,141230.76923,104.5384,39.0,40.0,0
43820,2244.206182,231622.714413,103.2091,435.0,502.0,0
43830,2240.61237,196175.354809,87.5543,368.0,486.0,0
43839,1907.070253,187473.945312,98.3046,128.0,146.0,0
43840,2671.580386,200807.791554,75.1644,1113.0,1198.0,0
43850,2444.2033,240643.151437,98.4546,981.0,1030.0,0
43860,1877.030826,223153.369454,118.8863,220.0,242.0,0
43870,995.516785,82168.820673,82.5388,386.0,432.0,0
43879,911.512134,64598.468695,70.8695,23.0,31.0,0
43880,2093.641635,208892.067908,99.7745,306.0,352.0,0
43881,1900.905527,206773.845783,108.7764,434.0,491.0,0
43882,1862.599745,182203.495989,97.8221,551.0,611.0,0
43883,1966.079253,215668.388358,109.6946,262.0,277.0,0
43890,1699.985406,199482.6625,117.3437,160.0,169.0,0
43891,1250.433166,125251.722222,100.1666,18.0,19.0,0
43892,1870.74729,185279.776279,99.0405,543.0,559.0,0
43893,2708.069012,286304.563564,105.7227,101.0,141.0,0
43894,646.199586,70389.597857,108.9285,28.0,29.0,0
43895,1975.226804,164402.587096,83.2322,155.0,172.0,0
43896,930.688407,72871.693636,78.2987,77.0,88.0,0
43897,918.859649,83800.0,91.2,5.0,6.0,0
43141,1261.856552,124885.560606,98.9696,33.0,37.0,0
43144,1035.235732,139066.666666,134.3333,18.0,22.0,0
43150,,,,,1.0,0
43152,1270.995493,163289.473684,128.4736,19.0,22.0,0
43154,,,,,2.0,0
43155,334.22939,74600.0,223.2,5.0,5.0,0
43320,1195.929763,164905.426296,137.8888,27.0,29.0,0
43350,1142.212147,117959.363636,103.2727,22.0,25.0,0
43364,1198.992566,126325.8568,105.36,25.0,32.0,0
43365,1384.549071,156592.5,113.1,40.0,44.0,0
43380,1491.150442,84250.0,56.5,4.0,4.0,0
43381,887.394514,120178.571428,135.4285,14.0,15.0,0
43382,1546.931618,220566.666666,142.5833,12.0,13.0,0
43390,1193.169451,141831.533913,118.8695,23.0,31.0,0
43391,1682.597467,201093.135135,119.5135,37.0,41.0,0
43392,2330.459434,362642.224146,155.6097,41.0,43.0,0
43393,1778.60286,230964.285714,129.8571,14.0,16.0,0
43400,1232.297253,167145.942028,135.6376,69.0,83.0,0
43410,,,,,2.0,0
43412,551.067961,141900.0,257.5,6.0,6.0,0
43414,,,,,4.0,0
43415,,,,,2.0,0
43420,387.039894,98145.168947,253.5789,38.0,44.0,0
43424,569.955728,80309.47619,140.9047,21.0,28.0,0
43425,,,,,3.0,0
43428,,,,,1.0,0
43429,,,,,2.0,0
43450,552.390852,88566.666666,160.3333,12.0,12.0,0
43459,,,,,,0
43479,1973.68421,262500.0,133.0,6.0,6.0,0
43511,825.940438,87825.0,106.3333,12.0,16.0,0
43512,387.473154,45032.991111,116.2222,9.0,14.0,0
43513,315.281899,60714.285714,192.5714,7.0,8.0,0
43514,394.282511,43962.5,111.5,4.0,8.0,0
43515,429.109589,53700.0,125.1428,7.0,10.0,0
43516,265.615878,65000.0,244.7142,7.0,14.0,0
43519,1410.164647,162874.016833,115.5,60.0,65.0,0
43550,547.527432,57098.400568,104.284,88.0,140.0,0
43558,837.5,54437.5,65.0,4.0,5.0,0
43559,999.178981,152125.0,152.25,4.0,9.0,0
43591,,,,,5.0,0
43592,618.559953,81100.082777,131.1111,18.0,21.0,0
43593,550.186567,58980.0,107.2,5.0,7.0,0
43594,,,,,5.0,0
43596,519.125683,71250.0,137.25,4.0,4.0,0
43710,1294.51704,177602.109565,137.1956,46.0,50.0,0
43712,1005.799709,145018.030909,144.1818,22.0,41.0,0
43713,1061.264018,182905.604897,172.3469,49.0,50.0,0
43714,932.167042,130405.263157,139.8947,19.0,21.0,0
43716,1051.41447,168117.548275,159.8965,29.0,32.0,0
43719,1065.719217,135528.292682,127.1707,41.0,45.0,0
43736,414.241164,71160.714285,171.7857,14.0,16.0,0
43746,514.041698,67802.1,131.9,20.0,26.0,0
43747,371.107266,67736.842105,182.5263,19.0,25.0,0
43748,361.875664,38917.142857,107.5428,35.0,42.0,0
43749,473.541517,65190.882222,137.6666,9.0,10.0,0
43762,1486.989985,222773.129259,149.8148,27.0,28.0,0
43763,1709.098914,207960.714285,121.6785,28.0,30.0,0
43764,1465.759466,214745.036923,146.5076,65.0,67.0,0
43765,1016.516851,173425.035714,170.6071,28.0,30.0,0
43771,1143.185433,211134.523448,184.6896,29.0,34.0,0
43772,1534.631879,165150.0,107.6153,13.0,13.0,0
43781,180.30303,42500.0,235.7142,7.0,8.0,0
43782,,,,,2.0,0
43784,247.659747,55318.181818,223.3636,11.0,11.0,0
43785,343.672456,55400.0,161.2,10.0,11.0,0
43786,395.918367,90533.333333,228.6666,18.0,26.0,0
43790,453.117647,70027.272727,154.5454,11.0,14.0,0
43791,659.134615,85687.5,130.0,8.0,12.0,0
43792,520.709271,41934.453333,80.5333,15.0,23.0,0
43810,748.418857,115791.088928,154.7142,28.0,33.0,0
43811,965.885647,142391.878947,147.421,38.0,42.0,0
43814,602.538071,89025.0,147.75,24.0,24.0,0
43877,997.636684,84965.391,85.1666,60.0,71.0,0
43878,461.388074,59000.0,127.875,8.0,9.0,0
43884,1163.070865,112178.185,96.45,20.0,22.0,0
43885,455.259026,116000.0,254.8,5.0,6.0,0
43886,626.883262,147004.125,234.5,8.0,8.0,0
43887,947.498655,125814.285714,132.7857,14.0,15.0,0
43142,885.55347,94400.0,106.6,5.0,5.0,0
43143,1416.294642,158625.0,112.0,4.0,4.0,0
43153,,,,,1.0,0
43310,,,,,2.0,0
43311,775.336463,130378.947368,168.1578,19.0,20.0,0
43312,,,,,1.0,0
43360,729.101358,139550.0,191.4,10.0,11.0,0
43361,,,,,2.0,0
43362,,,,,,0
43363,1653.623188,95083.333333,57.5,6.0,6.0,0
43370,,,,,2.0,0
43371,,,,,1.0,0
43373,,,,,3.0,0
43374,,,,,2.0,0
43375,,,,,1.0,0
43376,1197.674418,77250.0,64.5,4.0,7.0,0
43379,,,,,,0
43411,599.407406,109331.911,182.4,10.0,11.0,0
43413,,,,,2.0,0
43421,1053.547038,137440.0,130.4545,11.0,12.0,0
43422,677.474402,113428.571428,167.4285,7.0,7.0,0
43423,,,,,3.0,0
43426,265.221402,95833.333333,361.3333,6.0,8.0,0
43427,507.270792,72770.300909,143.4545,11.0,14.0,0
43430,346.351197,75937.5,219.25,8.0,12.0,0
43439,814.814814,74800.0,91.8,5.0,7.0,0
43448,,,,,,0
43449,,,,,2.0,0
43490,949.895688,119279.758571,125.5714,7.0,8.0,0
43528,868.243858,79516.666666,91.5833,12.0,12.0,0
43595,665.516944,95834.44,144.0,6.0,7.0,0
43597,415.795586,89500.0,215.25,4.0,6.0,0
43715,907.545474,139355.172413,153.5517,29.0,31.0,0
43737,336.312323,89375.0,265.75,4.0,5.0,0
43738,,,,,3.0,0
43739,,,,,1.0,0
43773,1031.880108,94675.0,91.75,12.0,13.0,0
43774,1061.096715,72685.125,68.5,8.0,10.0,0
43775,1092.07317,89550.0,82.0,10.0,11.0,0
43776,649.725274,118250.0,182.0,4.0,4.0,0
43777,671.322035,85761.39,127.75,4.0,4.0,0
43783,,,,,3.0,0
43787,437.908496,50250.0,114.75,4.0,5.0,0
43816,308.441558,71250.0,231.0,4.0,10.0,0
43817,681.205392,78090.90909,114.6363,11.0,12.0,0
15001,2897.152464,324368.783333,111.9612,129.0,153.0,0
15002,2680.071282,227271.952241,84.8007,281.0,310.0,0
15003,3432.316116,335716.645789,97.8105,95.0,109.0,0
15004,3116.590828,387336.945645,124.2822,124.0,143.0,0
15005,3012.705167,317782.900763,105.4809,131.0,148.0,0
15006,3135.454696,273840.375,87.3367,196.0,251.0,0
15007,2274.949624,173743.871292,76.3726,263.0,280.0,0
15008,1949.255758,206130.290647,105.7482,139.0,183.0,0
15009,2474.890324,216013.078288,87.2818,298.0,352.0,0
15010,2018.823346,151521.205301,75.0542,166.0,183.0,0
15011,2750.767371,244895.061674,89.0279,215.0,243.0,0
15140,1052.735876,120357.04918,114.3278,61.0,67.0,0
15141,1253.618493,125295.869473,99.9473,38.0,51.0,0
15142,1191.173274,154786.349444,129.9444,108.0,142.0,0
15144,882.532418,192833.333333,218.5,6.0,7.0,0
15145,839.877084,124821.005272,148.6181,55.0,73.0,0
15146,,,,,2.0,0
15160,1401.70895,156127.4561,111.3836,159.0,215.0,0
15168,1194.269959,284645.714285,238.3428,35.0,42.0,0
15169,1367.513611,334888.888888,244.8888,9.0,13.0,0
15171,789.646464,260583.333333,330.0,6.0,7.0,0
15172,2476.344172,286409.578481,115.6582,79.0,101.0,0
15173,1676.826681,310601.765362,185.2318,69.0,81.0,0
15176,1605.371739,274946.666666,171.2666,30.0,36.0,0
15177,1499.71341,285445.45238,190.3333,42.0,51.0,0
15178,2927.706025,365500.983771,124.8421,114.0,121.0,0
15179,2440.175632,304667.735,124.8548,62.0,91.0,0
15190,1735.69383,180649.186842,104.0789,38.0,39.0,0
15220,1819.113521,161436.648936,88.7446,94.0,105.0,0
15229,,,,,4.0,0
15300,902.205916,110377.01746,122.3412,126.0,149.0,0
15318,708.432365,155806.818181,219.9318,44.0,55.0,0
15319,685.9423,172781.243888,251.8888,18.0,19.0,0
15401,1003.854033,102867.660606,102.4727,165.0,194.0,0
15402,1235.376829,120098.660945,97.2162,148.0,177.0,0
15403,1034.770001,87900.016011,84.9464,168.0,183.0,0
15404,954.928048,76014.082938,79.6018,211.0,228.0,0
15405,788.292738,94576.652968,119.9765,128.0,156.0,0
15406,748.974959,69383.660526,92.6381,152.0,161.0,0
15540,,,,,3.0,0
15541,1046.659459,193632.0,185.0,5.0,5.0,0
15570,984.980298,96157.253117,97.6235,340.0,415.0,0
15572,833.084011,93469.050803,112.1964,112.0,119.0,0
15573,,,,,,0
15578,1195.121951,141555.555555,118.4444,9.0,10.0,0
15590,859.625653,132382.350588,154.0,17.0,19.0,0
15592,,,,,3.0,0
15593,726.190476,152500.0,210.0,4.0,6.0,0
15594,953.090096,182857.142857,191.8571,7.0,8.0,0
15595,267.050912,69500.0,260.25,12.0,17.0,0
15596,,,,,4.0,0
15597,957.772925,109665.0,114.5,10.0,11.0,0
15684,,,,,2.0,0
15688,831.589362,158694.97,190.8333,12.0,15.0,0
15690,1504.754358,211000.0,140.2222,9.0,9.0,0
15701,2296.052403,263232.464566,114.6456,127.0,138.0,0
15702,2131.857665,211489.449677,99.2043,93.0,108.0,0
15703,1927.703169,172541.634303,89.5063,79.0,81.0,0
15704,1815.626348,172067.399729,94.7702,74.0,81.0,0
15705,1705.828989,221208.433898,129.6779,59.0,75.0,0
15706,2687.690542,239646.27041,89.1643,73.0,89.0,0
15707,1828.885269,202843.697333,110.9111,45.0,61.0,0
15820,613.013698,179000.0,292.0,6.0,6.0,0
15839,,,,,6.0,0
15864,819.898562,207123.340344,252.6206,58.0,63.0,0
15870,632.579185,174750.0,276.25,4.0,4.0,0
15884,518.75,149400.0,288.0,5.0,5.0,0
15890,,,,,1.0,0
15892,509.329787,105329.4,206.8,5.0,5.0,0
15893,,,,,1.0,0
15895,1896.324823,167258.234779,88.2012,159.0,174.0,0
15896,1198.25756,268542.833333,224.1111,9.0,9.0,0
15897,1063.033345,296480.0,278.9,10.0,11.0,0
15898,750.174947,268000.0,357.25,8.0,10.0,0
15899,,,,,4.0,0
15100,927.68911,103602.666584,111.6782,202.0,217.0,0
15102,472.099853,80375.0,170.25,4.0,4.0,0
15105,852.956877,177888.895555,208.5555,9.0,12.0,0
15106,395.37037,213500.0,540.0,4.0,4.0,0
15107,,,,,2.0,0
15108,364.684014,122625.0,336.25,4.0,5.0,0
15109,526.106696,92700.0,176.2,10.0,13.0,0
15110,728.04426,102536.179459,140.8378,37.0,46.0,0
15114,538.60663,47092.645526,87.4342,76.0,81.0,0
15121,377.622195,70699.266666,187.2222,18.0,25.0,0
15126,,,,,,0
15139,,,,,1.0,0
15147,461.066666,78590.90909,170.4545,11.0,17.0,0
15148,737.179487,115000.0,156.0,4.0,4.0,0
15174,1938.127655,176101.260538,90.8615,130.0,156.0,0
15180,940.379403,86750.0,92.25,4.0,4.0,0
15181,1100.909314,235768.421052,214.1578,19.0,22.0,0
15189,1224.356701,243389.22421,198.7894,19.0,19.0,0
15198,,,,,4.0,0
15199,1742.392167,299295.454545,171.7727,22.0,24.0,0
15200,833.327718,101893.252878,122.2727,66.0,84.0,0
15210,526.949536,104431.817272,198.1818,11.0,18.0,0
15211,,,,,2.0,0
15213,,,,,3.0,0
15218,,,,,1.0,0
15280,1253.631167,189892.131578,151.4736,38.0,48.0,0
15310,545.091877,81576.40625,149.6562,64.0,74.0,0
15379,,,,,3.0,0
15500,706.116475,106027.802083,150.1562,96.0,114.0,0
15509,,,,,4.0,0
15520,430.490654,86705.882352,201.4117,17.0,21.0,0
15528,779.088913,157722.222222,202.4444,9.0,9.0,0
15582,,,,,,0
15608,1434.684048,210932.714285,147.0238,42.0,45.0,0
15627,890.549273,122500.0,137.5555,9.0,10.0,0
15650,959.038737,222816.666666,232.3333,6.0,6.0,0
15659,882.610053,217461.538461,246.3846,13.0,15.0,0
15660,1217.032747,163893.743333,134.6666,42.0,47.0,0
15668,1042.016806,265714.285714,255.0,7.0,9.0,0
15669,595.555555,229714.285714,385.7142,7.0,7.0,0
15670,2059.002338,172284.782608,83.6739,46.0,57.0,0
15679,2170.324065,168386.142857,77.5857,70.0,81.0,0
15680,755.705566,86977.62581,115.0945,74.0,87.0,0
15685,482.09574,127900.0,265.3,10.0,17.0,0
15686,708.518802,153866.666666,217.1666,6.0,7.0,0
15687,634.733893,141625.0,223.125,8.0,13.0,0
15689,,,,,2.0,0
15819,,,,,3.0,0
15863,276.158082,94722.222222,343.0,9.0,14.0,0
15865,970.014297,180085.263043,185.6521,23.0,30.0,0
15866,698.342783,183937.416521,263.3913,23.0,25.0,0
15881,907.704552,167711.764705,184.7647,17.0,20.0,0
15883,1320.658413,163412.057205,123.7352,68.0,71.0,0
15886,948.501577,240540.0,253.6,25.0,27.0,0
15894,1936.006825,226900.0,117.2,20.0,20.0,0
15920,1143.902543,174991.091363,152.9772,44.0,48.0,0
15928,981.089258,129700.0,132.2,5.0,6.0,0
15930,998.799564,112009.214178,112.1438,146.0,166.0,0
15937,,,,,3.0,0
15938,781.179985,209200.0,267.8,5.0,8.0,0
15939,794.300979,99111.111111,124.7777,27.0,29.0,0
15940,910.948253,100692.787391,110.5362,69.0,73.0,0
15948,899.271844,105857.142857,117.7142,7.0,7.0,0
15949,2149.162304,151515.9425,70.5,8.0,8.0,0
15959,1063.592233,121722.222222,114.4444,27.0,30.0,0
15960,1146.175382,111370.982364,97.1674,203.0,237.0,0
15965,1379.600626,160159.090909,116.0909,22.0,24.0,0
15966,1470.75748,120822.727,82.15,20.0,25.0,0
15967,,,,,2.0,0
15969,1393.504144,168107.272727,120.6363,22.0,24.0,0
15983,,,,,2.0,0
15984,,,,,,0
15985,,,,,3.0,0
15990,701.884253,104300.0,148.6,5.0,6.0,0
15991,,,,,,0
15992,744.976076,100451.612903,134.8387,31.0,36.0,0
15993,,,,,1.0,0
15111,130.66012,39916.666666,305.5,6.0,6.0,0
15112,,,,,,0
15113,1106.61203,81323.40909,73.4886,88.0,151.0,0
15117,1040.772831,108699.53897,104.4411,68.0,71.0,0
15118,,,,,,0
15122,,,,,2.0,0
15123,556.728483,58540.0,105.15,20.0,22.0,0
15124,772.137814,80934.081818,104.8181,11.0,15.0,0
15125,499.466382,93600.0,187.4,5.0,12.0,0
15138,596.495126,51000.333333,85.5,6.0,6.0,0
15150,450.980392,62428.571428,138.4285,7.0,8.0,0
15153,796.34381,77593.75,97.4375,16.0,16.0,0
15154,1016.411119,96140.534117,94.5882,17.0,21.0,0
15155,659.117422,78870.661016,119.661,59.0,88.0,0
15165,1264.648037,273369.054054,216.1621,37.0,42.0,0
15166,1430.530164,313000.0,218.8,5.0,5.0,0
15167,1121.759622,238000.0,212.1666,12.0,13.0,0
15175,1541.111234,134089.00632,87.008,125.0,154.0,0
15182,,,,,1.0,0
15183,,,,,3.0,0
15184,,,,,3.0,0
15185,659.275052,123535.587142,187.3809,21.0,35.0,0
15186,371.640783,110080.0,296.2,5.0,6.0,0
15187,459.411556,129600.0,282.1,10.0,10.0,0
15188,,,,,1.0,0
15240,1503.996003,188187.5,125.125,8.0,9.0,0
15250,1112.076117,100086.850571,90.0,35.0,40.0,0
15256,,,,,2.0,0
15258,624.081408,141131.552857,226.1428,7.0,10.0,0
15259,827.853598,70236.842105,84.8421,19.0,22.0,0
15270,632.42425,90752.88,143.5,70.0,84.0,0
15290,1103.577464,293827.5,266.25,4.0,5.0,0
15291,1580.68783,119500.0,75.6,10.0,15.0,0
15298,,,,,1.0,0
15299,,,,,2.0,0
15313,560.924725,124350.0,221.6875,16.0,23.0,0
15314,372.13908,93327.165,250.7857,14.0,21.0,0
15316,583.074848,101729.411764,174.4705,17.0,20.0,0
15317,366.666666,89760.0,244.8,15.0,18.0,0
15324,,,,,,0
15325,,,,,1.0,0
15339,877.335929,103798.588666,118.3111,45.0,60.0,0
15510,571.269125,94298.135762,165.0677,59.0,69.0,0
15577,,,,,,0
15579,,,,,,0
15600,753.499142,102722.932295,136.3278,61.0,79.0,0
15607,1076.011157,192875.0,179.25,4.0,4.0,0
15609,,,,,,0
15614,1628.626692,210500.0,129.25,4.0,5.0,0
15620,855.856026,93901.457462,109.7164,67.0,83.0,0
15623,1274.05991,249875.0,196.125,8.0,11.0,0
15624,1330.334917,130638.888888,98.2,90.0,135.0,0
15625,915.00994,115062.5,125.75,8.0,9.0,0
15626,776.785714,114681.818181,147.6363,11.0,14.0,0
15630,1108.892864,129201.86,116.5142,70.0,100.0,0
15635,,,,,2.0,0
15639,917.582417,167000.0,182.0,5.0,5.0,0
15640,1264.00791,273928.571428,216.7142,7.0,9.0,0
15800,707.2252,93138.484057,131.6956,69.0,98.0,0
15805,,,,,,0
15807,418.522849,89467.307692,213.7692,13.0,17.0,0
15808,649.301252,91829.748571,141.4285,7.0,15.0,0
15809,1132.204433,114918.75,101.5,8.0,8.0,0
15810,687.759954,93447.179487,135.8717,39.0,57.0,0
15823,,,,,,0
15824,,,,,1.0,0
15826,,,,,,0
15830,955.401075,128932.916129,134.9516,62.0,77.0,0
15838,,,,,1.0,0
15880,,,,,3.0,0
15882,,,,,1.0,0
15885,1022.988505,226545.454545,221.4545,11.0,11.0,0
15888,1099.396898,132003.448275,120.0689,29.0,37.0,0
15900,653.321325,101791.677419,155.8064,62.0,68.0,0
15910,,,,,1.0,0
15914,,,,,1.0,0
15915,,,,,,0
15917,,,,,,0
15980,696.729435,140600.0,201.8,5.0,5.0,0
15116,866.754617,164250.0,189.5,4.0,5.0,0
15119,,,,,,0
15127,,,,,,0
15128,,,,,,0
15129,455.607933,81877.808,179.7111,45.0,52.0,0
15130,1090.072864,113990.476666,104.5714,21.0,23.0,0
15137,928.361283,155500.515,167.5,4.0,12.0,0
15151,581.717451,126000.0,216.6,5.0,5.0,0
15152,,,,,,0
15230,633.265899,112630.863571,177.8571,14.0,19.0,0
15236,,,,,,0
15237,,,,,1.0,0
15239,,,,,4.0,0
15286,,,,,4.0,0
15287,128.309729,138916.666666,1082.6666,6.0,6.0,0
15288,423.018292,92500.0,218.6666,6.0,8.0,0
15292,777.904979,123545.454545,158.8181,11.0,11.0,0
15293,1227.692307,133000.0,108.3333,12.0,15.0,0
15295,1171.350861,129200.0,110.3,10.0,12.0,0
15296,1307.449402,99054.857142,75.7619,21.0,24.0,0
15297,,,,,1.0,0
15320,511.464095,60426.709879,118.1445,83.0,95.0,0
15326,,,,,1.0,0
15327,,,,,,0
15328,,,,,,0
15329,,,,,1.0,0
15347,,,,,3.0,0
15350,777.994525,86889.186012,111.6835,158.0,171.0,0
15357,,,,,3.0,0
15358,,,,,3.0,0
15359,615.503875,99250.0,161.25,4.0,8.0,0
15360,619.943874,73336.311475,118.295,61.0,93.0,0
15365,1175.937483,127505.221428,108.4285,7.0,9.0,0
15366,,,,,3.0,0
15369,,,,,4.0,0
15542,,,,,1.0,0
15543,,,,,2.0,0
15550,,,,,3.0,0
15551,1091.537132,210666.666666,193.0,6.0,6.0,0
15552,679.724993,129577.048684,190.6315,38.0,42.0,0
15553,1188.562596,256333.333333,215.6666,6.0,6.0,0
15554,,,,,3.0,0
15555,1065.843621,129500.0,121.5,4.0,4.0,0
15611,,,,,,0
15612,,,,,2.0,0
15613,975.308641,118500.0,121.5,4.0,4.0,0
15621,797.933089,180173.2915,225.8,20.0,20.0,0
15622,1068.441064,172923.076923,161.8461,13.0,15.0,0
15683,,,,,4.0,0
15806,672.304439,90857.142857,135.1428,7.0,9.0,0
15821,606.791225,154547.086956,254.6956,23.0,27.0,0
15822,475.809195,103726.404545,218.0,11.0,21.0,0
15825,,,,,,0
15828,,,,,,0
15837,,,,,,0
15840,504.766579,55984.222222,110.9111,45.0,92.0,0
15841,,,,,,0
15845,,,,,5.0,0
15846,,,,,1.0,0
15847,,,,,,0
15848,,,,,,0
15860,,,,,1.0,0
15861,,,,,2.0,0
15862,,,,,2.0,0
15871,480.826271,113475.0,236.0,4.0,4.0,0
15872,,,,,,0
15873,673.129816,100969.4725,150.0,12.0,15.0,0
15874,,,,,1.0,0
15887,634.467242,118486.7575,186.75,4.0,4.0,0
15916,,,,,2.0,0
15970,994.778432,125206.430909,125.8636,44.0,48.0,0
15978,,,,,4.0,0
15979,,,,,1.0,0
15981,,,,,5.0,0
15982,,,,,2.0,0
15994,,,,,,0
15995,,,,,,0
15996,842.743764,148660.0,176.4,5.0,6.0,0
15998,384.615384,107500.0,279.5,4.0,5.0,0
15999,1896.886983,208061.403714,109.6857,35.0,39.0,0
15115,710.936476,83507.692307,117.4615,13.0,15.0,0
15149,644.264653,127978.571428,198.6428,14.0,17.0,0
15212,,,,,,0
15214,609.069585,111285.714285,182.7142,7.0,12.0,0
15215,,,,,,0
15216,,,,,1.0,0
15281,1055.865911,76444.692,72.4,5.0,6.0,0
15282,,,,,,0
15315,,,,,,0
15330,573.989411,93349.420816,162.6326,49.0,68.0,0
15332,555.154056,100170.61,180.4375,16.0,21.0,0
15337,385.444743,71500.0,185.5,8.0,13.0,0
15338,,,,,10.0,0
15340,,,,,1.0,0
15349,,,,,1.0,0
15367,407.170352,78855.325,193.6666,6.0,7.0,0
15368,597.308209,88760.0,148.6,5.0,6.0,0
15380,754.03477,151982.361176,201.5588,34.0,38.0,0
15386,,,,,1.0,0
15387,,,,,1.0,0
15388,790.839694,129500.0,163.75,4.0,5.0,0
15389,1153.196622,191200.0,165.8,5.0,5.0,0
15390,,,,,4.0,0
15391,,,,,5.0,0
15530,460.115018,100932.503636,219.3636,11.0,14.0,0
15560,326.457159,93250.155714,285.6428,14.0,18.0,0
15561,,,,,,0
15562,889.200561,126800.0,142.6,5.0,6.0,0
15563,349.263828,97522.222222,279.2222,18.0,19.0,0
15564,,,,,,0
15565,,,,,5.0,0
15566,,,,,1.0,0
15567,,,,,,0
15568,,,,,2.0,0
15569,801.337837,118598.0,148.0,5.0,7.0,0
15576,,,,,3.0,0
15580,,,,,,0
15598,,,,,2.0,0
15615,,,,,,0
15616,,,,,1.0,0
15617,,,,,,0
15619,751.029251,82800.975,110.25,4.0,9.0,0
15637,1375.617479,241344.444444,175.4444,9.0,9.0,0
15638,,,,,,0
15656,,,,,,0
15813,344.652206,65828.571428,191.0,7.0,12.0,0
15814,,,,,2.0,0
15815,346.938775,68000.0,196.0,4.0,6.0,0
15816,,,,,3.0,0
15817,,,,,2.0,0
15818,608.264462,92000.0,151.25,4.0,10.0,0
15850,343.113284,70166.666666,204.5,6.0,7.0,0
15851,,,,,1.0,0
15855,,,,,,0
15856,,,,,,0
15857,,,,,,0
15858,,,,,,0
15859,,,,,,0
15911,498.504267,109795.565,220.25,8.0,12.0,0
15912,,,,,3.0,0
15913,,,,,,0
12001,1236.766463,171077.065434,138.326,138.0,165.0,0
12002,1292.84177,131214.93421,101.4934,152.0,165.0,0
12003,1472.516111,160614.049035,109.0745,228.0,276.0,0
12004,1238.149099,123403.020681,99.6673,499.0,573.0,0
12005,1386.158579,148496.14619,107.1278,399.0,447.0,0
12006,1165.392326,117193.735777,100.5616,495.0,565.0,0
12100,1483.347307,160765.536526,108.3802,334.0,353.0,0
12110,617.982447,74759.3966,120.9733,150.0,175.0,0
12119,667.40873,84093.5,126.0,4.0,5.0,0
12120,674.185136,64637.5,95.875,24.0,77.0,0
12121,,,,,,0
12130,805.345708,84045.374843,104.3593,64.0,107.0,0
12132,786.766398,68370.0,86.9,10.0,19.0,0
12135,827.725856,59044.444444,71.3333,9.0,9.0,0
12140,434.238765,60773.68909,139.9545,22.0,30.0,0
12150,339.575451,53856.666666,158.6,30.0,41.0,0
12160,400.393456,50214.862068,125.4137,29.0,41.0,0
12170,579.753323,76750.420769,132.3846,26.0,35.0,0
12180,1144.123101,119762.768235,104.6764,68.0,92.0,0
12181,428.937259,41875.0,97.625,8.0,13.0,0
12185,467.160804,49581.333333,106.1333,15.0,21.0,0
12186,229.037725,43104.9,188.2,10.0,20.0,0
12190,992.856329,111251.39037,112.0518,135.0,224.0,0
12191,1513.593772,177419.513478,117.2173,23.0,26.0,0
12192,833.325317,76527.041666,91.8333,24.0,26.0,0
12193,413.001223,53332.224666,129.1333,15.0,16.0,0
12194,757.113958,62377.777777,82.3888,18.0,27.0,0
12200,865.5798,85081.915793,98.2947,397.0,526.0,0
12210,664.667066,61555.555555,92.6111,18.0,27.0,0
12220,,,,,2.0,0
12221,703.556263,66275.0,94.2,20.0,23.0,0
12230,640.586797,68947.368421,107.6315,19.0,21.0,0
12300,870.112577,133361.485384,153.2692,26.0,30.0,0
12310,251.433647,44805.476,178.2,5.0,12.0,0
12316,,,,,,0
12320,1266.310026,121631.423037,96.0518,135.0,374.0,0
12330,301.72244,38318.75,127.0,16.0,21.0,0
12340,648.49624,57500.0,88.6666,6.0,10.0,0
12350,469.356796,59500.0,126.7692,13.0,18.0,0
12400,657.231228,76865.341962,116.9532,107.0,119.0,0
12410,604.878636,73391.941176,121.3333,51.0,53.0,0
12412,645.771075,126940.142857,196.5714,7.0,8.0,0
12413,437.284234,76000.0,173.8,10.0,10.0,0
12414,562.637171,60544.652173,107.6086,23.0,25.0,0
12440,393.768046,65460.0,166.24,25.0,45.0,0
12448,1153.284671,85076.923076,73.7692,13.0,16.0,0
12450,678.792769,75103.571428,110.6428,28.0,34.0,0
12460,598.453883,78313.953488,130.8604,43.0,50.0,0
12469,372.666666,43477.777777,116.6666,9.0,15.0,0
12470,922.008477,94260.0,102.2333,30.0,40.0,0
12480,435.37234,71173.913043,163.4782,23.0,23.0,0
12500,1154.511569,131209.351738,113.6492,650.0,771.0,0
12513,657.284768,79400.0,120.8,5.0,5.0,0
12520,852.922147,90113.756347,105.6529,219.0,241.0,0
12526,618.468613,75279.9996,121.72,25.0,27.0,0
12527,571.347876,52380.357142,91.6785,28.0,43.0,0
12528,407.970634,51866.666666,127.1333,15.0,20.0,0
12529,1163.962128,94765.916666,81.4166,48.0,54.0,0
12530,934.995929,91108.876351,97.443,729.0,832.0,0
12539,948.717258,101832.93875,107.3375,80.0,90.0,0
12540,1017.934423,101866.821012,100.072,652.0,778.0,0
12549,774.387533,81886.249324,105.7432,74.0,81.0,0
12550,1053.106248,100394.134469,95.3314,528.0,644.0,0
12560,2769.38566,297392.152159,107.3856,389.0,426.0,0
12570,1013.974927,118062.66129,116.4354,124.0,153.0,0
12579,2172.00844,161091.812885,74.1672,305.0,321.0,0
12580,1177.463356,103323.706255,87.7511,454.0,659.0,0
12589,784.621695,88280.0,112.5128,39.0,43.0,0
12590,1217.958237,133797.168353,109.8536,164.0,185.0,0
12591,689.485801,81672.727272,118.4545,11.0,12.0,0
12592,1028.223159,116932.594594,113.7229,148.0,153.0,0
12593,1504.597597,117151.081866,77.862,493.0,601.0,0
12594,1742.260621,132435.673844,76.0136,1168.0,1228.0,0
12595,2335.358393,185228.518518,79.3148,108.0,140.0,0
12596,1237.140724,101978.461538,82.4307,130.0,156.0,0
12597,570.762711,61227.272727,107.2727,11.0,14.0,0
12598,2013.660051,158633.003852,78.7784,501.0,601.0,0
12600,927.351093,90369.516579,97.449,383.0,429.0,0
12609,647.063037,64521.428571,99.7142,7.0,8.0,0
12118,409.898477,80750.0,197.0,6.0,9.0,0
12122,437.609841,71142.857142,162.5714,7.0,10.0,0
12123,709.796672,64000.0,90.1666,6.0,7.0,0
12124,,,,,4.0,0
12125,,,,,3.0,0
12126,,,,,3.0,0
12127,,,,,7.0,0
12131,,,,,3.0,0
12133,,,,,1.0,0
12134,1237.29321,87105.442,70.4,5.0,5.0,0
12159,,,,,2.0,0
12161,,,,,1.0,0
12162,,,,,2.0,0
12163,841.897233,53250.0,63.25,4.0,10.0,0
12164,,,,,,0
12165,268.592057,55800.0,207.75,4.0,4.0,0
12166,,,,,,0
12179,636.950318,71429.428571,112.1428,7.0,8.0,0
12182,485.239852,73055.555555,150.5555,9.0,13.0,0
12183,455.621301,77000.0,169.0,6.0,8.0,0
12184,,,,,4.0,0
12222,897.365988,60684.375,67.625,8.0,11.0,0
12223,1003.220611,103833.333333,103.5,6.0,11.0,0
12224,727.348993,48166.666666,66.2222,9.0,13.0,0
12225,1086.85446,57875.0,53.25,4.0,4.0,0
12231,494.017094,41285.714285,83.5714,7.0,9.0,0
12232,373.382624,50500.0,135.25,4.0,4.0,0
12311,,,,,3.0,0
12312,249.787234,48916.666666,195.8333,6.0,9.0,0
12315,,,,,2.0,0
12317,,,,,4.0,0
12318,,,,,5.0,0
12319,,,,,2.0,0
12360,328.846153,49500.0,150.5263,19.0,22.0,0
12370,,,,,2.0,0
12415,453.606411,50940.0,112.3,10.0,16.0,0
12420,308.980213,40600.0,131.4,5.0,6.0,0
12428,527.557346,60782.142857,115.2142,14.0,19.0,0
12429,664.516129,73571.428571,110.7142,7.0,11.0,0
12430,458.620006,47390.734,103.3333,15.0,17.0,0
12431,750.194882,68267.734285,91.0,14.0,18.0,0
12447,502.650176,47416.666666,94.3333,6.0,8.0,0
12449,833.898305,61500.0,73.75,4.0,10.0,0
12489,637.572254,91916.666666,144.1666,6.0,6.0,0
12490,428.695579,81880.855714,191.0,7.0,8.0,0
12499,381.718737,65560.193125,171.75,16.0,16.0,0
12510,779.637377,79857.142857,102.4285,7.0,9.0,0
12511,505.73514,60625.0,119.875,8.0,14.0,0
12578,528.129292,69625.045,131.8333,12.0,18.0,0
12599,346.926354,81428.571428,234.7142,7.0,8.0,0
36001,2127.243655,236646.187363,111.2454,110.0,132.0,0
36002,2195.680891,227918.592047,103.8031,127.0,153.0,0
36003,2191.014489,215124.281304,98.1847,92.0,110.0,0
36004,1904.598149,170866.535172,89.7126,87.0,114.0,0
36005,1551.628369,161147.689183,103.8571,49.0,75.0,0
36143,542.082662,144271.428571,266.1428,7.0,8.0,0
36150,497.26477,227250.0,457.0,4.0,4.0,0
36151,,,,,1.0,0
36152,,,,,1.0,0
36153,697.929354,143250.0,205.25,4.0,7.0,0
36154,,,,,4.0,0
36156,931.751168,179362.1,192.5,6.0,7.0,0
36157,1032.027257,151450.0,146.75,4.0,6.0,0
36158,1241.81478,265500.0,213.8,5.0,5.0,0
36160,1169.456066,223600.0,191.2,10.0,10.0,0
36161,,,,,2.0,0
36162,1346.48241,116579.315806,86.5806,31.0,45.0,0
36163,1450.632915,209193.355,144.2083,48.0,55.0,0
36164,1596.807772,230100.0,144.1,10.0,12.0,0
36201,2857.460852,307622.559784,107.6559,186.0,199.0,0
36202,2253.816686,222372.82335,98.665,200.0,214.0,0
36203,2348.354919,233807.356417,99.5621,201.0,219.0,0
36204,2264.646399,253049.223975,111.7389,249.0,263.0,0
36205,1830.851698,177254.305163,96.8152,184.0,197.0,0
36206,2021.895823,177036.689622,87.5597,159.0,178.0,0
36207,1772.72154,149747.823351,84.4734,188.0,213.0,0
36208,1863.041991,194852.274117,104.5882,136.0,153.0,0
36209,2158.132035,191741.730854,88.8461,117.0,131.0,0
36210,1815.397979,179469.262972,98.8594,185.0,197.0,0
36211,2386.946579,233900.873583,97.9916,120.0,126.0,0
36212,1935.512448,378751.111851,195.6851,54.0,55.0,0
36213,1287.256102,233195.277058,181.1568,51.0,58.0,0
36214,1388.189032,163444.169565,117.7391,69.0,78.0,0
36215,1310.412879,219408.695652,167.4347,23.0,29.0,0
36216,1452.405522,151340.655428,104.2,35.0,38.0,0
36309,1541.336353,302444.444444,196.2222,9.0,9.0,0
36310,,,,,3.0,0
36312,1000.0,247166.666666,247.1666,12.0,18.0,0
36313,1845.454545,253750.0,137.5,4.0,5.0,0
36314,,,,,4.0,0
36315,1832.044673,355416.666666,194.0,6.0,7.0,0
36317,1198.815566,223736.842105,186.6315,19.0,21.0,0
36318,1104.225352,142545.454545,129.0909,11.0,16.0,0
36330,1510.0,323571.428571,214.2857,7.0,8.0,0
36331,2610.960282,365664.9875,140.05,20.0,23.0,0
36390,2357.553284,655568.209642,278.0714,28.0,36.0,0
36392,1909.388412,355910.0,186.4,5.0,7.0,0
36475,1152.206982,184814.0,160.4,10.0,11.0,0
36600,1340.156255,154365.294377,115.1845,233.0,259.0,0
36610,1117.847629,131137.5,117.3125,32.0,32.0,0
36611,939.854651,146959.090909,156.3636,44.0,49.0,0
36613,753.707865,139750.0,185.4166,12.0,12.0,0
36617,926.986301,112783.333333,121.6666,6.0,8.0,0
36618,851.247165,156416.666666,183.75,12.0,12.0,0
36619,1007.879185,204666.666666,203.0666,15.0,17.0,0
36626,968.962543,166925.82,172.2727,22.0,24.0,0
36629,,,,,3.0,0
36635,,,,,1.0,0
36690,1231.974481,133371.172903,108.258,62.0,69.0,0
36691,791.59292,137615.384615,173.8461,13.0,17.0,0
36789,1063.253012,105900.0,99.6,5.0,7.0,0
36900,1031.073693,127330.538972,123.4931,146.0,170.0,0
36910,1016.815406,120266.666666,118.2777,18.0,19.0,0
36911,,,,,2.0,0
36912,2339.160839,250875.0,107.25,8.0,10.0,0
36913,1463.028169,155812.5,106.5,16.0,17.0,0
36914,,,,,1.0,0
36915,,,,,3.0,0
36920,,,,,,0
36940,1923.290397,177114.71813,92.0894,123.0,132.0,0
36945,2743.987756,291883.72093,106.372,43.0,47.0,0
36946,,,,,3.0,0
36947,2073.441392,162298.625,78.275,40.0,43.0,0
36949,1818.662978,178077.416666,97.9166,12.0,14.0,0
36969,2240.082595,237308.75,105.9375,16.0,19.0,0
36992,1235.677057,176701.8192,143.0,25.0,32.0,0
36993,1500.794712,170296.058823,113.4705,17.0,19.0,0
36995,1159.743125,233274.045714,201.1428,28.0,33.0,0
36300,2080.848215,255506.257236,122.7894,76.0,88.0,0
36307,1592.403214,311428.571428,195.5714,7.0,7.0,0
36308,2207.5,212574.074074,96.2962,27.0,29.0,0
36316,1528.395061,232125.0,151.875,8.0,8.0,0
36320,1951.43695,155269.333333,79.5666,60.0,63.0,0
36340,2071.13543,346057.142857,167.0857,35.0,43.0,0
36350,2123.500356,397424.888888,187.1555,45.0,50.0,0
36360,1340.312004,277061.638571,206.7142,7.0,7.0,0
36370,1777.954657,432204.61409,243.0909,22.0,25.0,0
36378,1844.978165,316875.0,171.75,8.0,8.0,0
36379,1806.471957,281006.748888,155.5555,9.0,9.0,0
36380,1406.535555,213256.363636,151.6181,55.0,59.0,0
36388,1898.415657,291000.0,153.2857,7.0,8.0,0
36389,1171.957137,276023.809523,235.5238,21.0,23.0,0
36391,1417.227456,601714.285714,424.5714,7.0,7.0,0
36393,2285.583941,289038.461538,126.4615,13.0,18.0,0
36400,1271.131911,137515.910367,108.1838,136.0,145.0,0
36410,1193.229869,96717.91,81.0555,18.0,18.0,0
36411,,,,,1.0,0
36412,,,,,2.0,0
36413,,,,,,0
36414,,,,,1.0,0
36415,1158.277818,213386.363636,184.2272,22.0,26.0,0
36416,1256.550134,233628.571428,185.9285,14.0,19.0,0
36417,1152.532031,209888.888888,182.1111,9.0,10.0,0
36418,,,,,3.0,0
36419,856.18729,192000.0,224.25,12.0,12.0,0
36460,,,,,,0
36470,1030.898029,121768.277457,118.1186,59.0,60.0,0
36511,,,,,3.0,0
36516,,,,,1.0,0
36518,,,,,,0
36583,,,,,,0
36596,,,,,,0
36598,,,,,1.0,0
36612,637.662807,88125.0,138.2,20.0,21.0,0
36616,,,,,1.0,0
36630,960.68343,121254.956521,126.2173,46.0,50.0,0
36633,,,,,3.0,0
36634,1096.124031,141400.0,129.0,5.0,6.0,0
36638,,,,,,0
36639,678.125,162750.0,240.0,4.0,4.0,0
36658,612.214792,128652.565714,210.1428,7.0,7.0,0
36685,,,,,1.0,0
36693,866.489361,148090.90909,170.909,11.0,12.0,0
36760,860.89187,242388.888888,281.5555,9.0,10.0,0
36770,1193.810548,138631.25,116.125,24.0,28.0,0
36780,1015.959105,122646.5832,120.72,50.0,59.0,0
36788,,,,,4.0,0
36800,1448.718095,145743.218947,100.6015,133.0,145.0,0
36810,941.007194,163500.0,173.75,4.0,4.0,0
36811,911.357466,234978.333333,257.8333,6.0,8.0,0
36812,746.666666,168000.0,225.0,4.0,4.0,0
36813,,,,,3.0,0
36814,669.230769,130500.0,195.0,4.0,4.0,0
36815,,,,,1.0,0
36816,,,,,2.0,0
36817,,,,,3.0,0
36818,2409.855769,200500.0,83.2,5.0,6.0,0
36930,1208.564144,171104.005084,141.5762,59.0,65.0,0
36937,,,,,3.0,0
36938,,,,,2.0,0
36939,1892.675781,255013.157894,134.7368,19.0,22.0,0
36950,1620.297399,160453.834246,99.0273,73.0,78.0,0
36954,1578.23741,195000.0,123.5555,9.0,12.0,0
36955,1510.374562,215576.923076,142.7307,26.0,29.0,0
36957,1229.628164,172694.444444,140.4444,9.0,9.0,0
36958,2437.869822,137333.333333,56.3333,6.0,7.0,0
36959,1994.37037,179493.333333,90.0,15.0,15.0,0
36960,2702.025105,287273.444341,106.3178,129.0,145.0,0
36966,1924.865991,340194.736842,176.7368,19.0,21.0,0
36970,1642.567083,153604.909696,93.5151,33.0,40.0,0
36979,2074.971384,271925.0,131.05,20.0,22.0,0
36980,1596.585014,161255.086507,101.0,63.0,70.0,0
36988,2413.189279,432202.2,179.1,10.0,18.0,0
36989,,,,,5.0,0
36990,2549.25422,290614.98109,114.0,55.0,60.0,0
36991,4371.293001,614166.666666,140.5,6.0,7.0,0
36140,706.077348,159750.0,226.25,4.0,5.0,0
36141,954.8,238700.0,250.0,10.0,12.0,0
36142,597.931034,216750.0,362.5,4.0,4.0,0
36192,,,,,2.0,0
36450,1197.963287,115803.117777,96.6666,135.0,141.0,0
36455,,,,,1.0,0
36456,,,,,1.0,0
36457,1150.941028,152883.333333,132.8333,6.0,6.0,0
36458,1069.300765,167612.895,156.75,4.0,4.0,0
36459,,,,,3.0,0
36471,,,,,,0
36472,,,,,3.0,0
36474,,,,,2.0,0
36500,606.841177,81718.75,134.6625,80.0,151.0,0
36510,,,,,3.0,0
36512,327.885862,101120.0,308.4,5.0,6.0,0
36514,,,,,,0
36515,,,,,3.0,0
36517,,,,,,0
36519,399.606299,88812.5,222.25,8.0,12.0,0
36559,,,,,3.0,0
36584,,,,,,0
36588,,,,,,0
36614,966.202783,162000.0,167.6666,6.0,6.0,0
36615,,,,,,0
36620,1234.267515,106044.150666,85.9166,60.0,69.0,0
36627,592.768791,124600.0,210.2,5.0,5.0,0
36628,,,,,2.0,0
36636,1101.509578,211565.805172,192.0689,29.0,33.0,0
36637,1391.676804,157259.478888,113.0,9.0,10.0,0
36640,589.454915,82650.0,140.2142,14.0,17.0,0
36645,,,,,4.0,0
36646,,,,,3.0,0
36647,,,,,3.0,0
36649,515.67323,63313.213333,122.7777,9.0,11.0,0
36650,823.196262,121140.813636,147.159,44.0,45.0,0
36653,,,,,1.0,0
36654,,,,,1.0,0
36655,,,,,,0
36656,,,,,,0
36659,,,,,1.0,0
36660,905.265241,95279.166666,105.25,12.0,17.0,0
36668,,,,,3.0,0
36669,,,,,2.0,0
36676,,,,,1.0,0
36680,821.525823,108061.198347,131.5371,121.0,150.0,0
36681,,,,,3.0,0
36682,,,,,3.0,0
36683,,,,,2.0,0
36684,480.631276,134000.0,278.8,5.0,5.0,0
36686,,,,,3.0,0
36687,,,,,2.0,0
36688,,,,,2.0,0
36689,,,,,2.0,0
36700,1004.584095,137221.40369,136.5952,84.0,92.0,0
36710,,,,,2.0,0
36711,,,,,,0
36712,1188.409371,192760.0,162.2,5.0,5.0,0
36713,,,,,4.0,0
36714,,,,,,0
36715,,,,,1.0,0
36720,968.481375,112666.666666,116.3333,6.0,6.0,0
36729,,,,,3.0,0
36853,,,,,3.0,0
36860,823.624795,110589.904556,134.2721,169.0,175.0,0
36861,671.168786,109903.88875,163.75,8.0,8.0,0
36862,,,,,,0
36863,422.97023,156287.5,369.5,8.0,8.0,0
36864,,,,,,0
36865,,,,,1.0,0
36866,239.35234,113333.333333,473.5,6.0,7.0,0
36867,,,,,,0
36868,,,,,,0
36869,,,,,1.0,0
36891,,,,,4.0,0
36892,,,,,,0
36893,,,,,2.0,0
36895,,,,,1.0,0
36967,1198.4375,153400.0,128.0,5.0,5.0,0
36968,673.549765,175197.777777,260.1111,9.0,10.0,0
36110,367.366412,77000.0,209.6,5.0,7.0,0
36118,,,,,,0
36119,,,,,,0
36190,,,,,1.0,0
36191,560.884353,137416.666666,245.0,6.0,6.0,0
36193,,,,,,0
36194,,,,,4.0,0
36440,834.218848,82431.25,98.8125,32.0,42.0,0
36446,,,,,,0
36447,,,,,1.0,0
36448,,,,,1.0,0
36449,,,,,1.0,0
36530,277.319207,45029.70625,162.375,8.0,14.0,0
36537,,,,,,0
36538,,,,,,0
36539,,,,,,0
36540,545.994546,71595.736451,131.129,31.0,41.0,0
36543,,,,,1.0,0
36544,,,,,,0
36545,,,,,2.0,0
36546,,,,,,0
36547,,,,,1.0,0
36548,,,,,,0
36558,,,,,,0
36570,601.689516,57797.587058,96.0588,17.0,20.0,0
36579,,,,,3.0,0
36585,,,,,2.0,0
36587,,,,,1.0,0
36589,,,,,2.0,0
36590,524.242913,52272.536842,99.7105,38.0,43.0,0
36597,,,,,1.0,0
36599,,,,,2.0,0
36652,,,,,2.0,0
36657,,,,,1.0,0
36670,871.935733,91165.725,104.5555,18.0,24.0,0
36675,,,,,1.0,0
36677,353.361344,105125.0,297.5,4.0,4.0,0
36678,,,,,2.0,0
36679,,,,,1.0,0
36692,,,,,2.0,0
36730,1787.298798,219390.9275,122.75,4.0,4.0,0
36739,,,,,3.0,0
36740,1156.195703,154887.92439,133.9634,82.0,85.0,0
36746,,,,,4.0,0
36747,,,,,1.0,0
36748,,,,,1.0,0
36749,,,,,3.0,0
36750,1464.238787,128771.666666,87.9444,36.0,39.0,0
36779,,,,,1.0,0
36790,,,,,1.0,0
36791,1321.626016,243840.0,184.5,10.0,11.0,0
36792,,,,,1.0,0
36794,1030.664395,181500.0,176.1,10.0,11.0,0
36820,640.968618,103760.0,161.88,25.0,35.0,0
36826,613.586956,141125.0,230.0,4.0,4.0,0
36827,,,,,1.0,0
36828,,,,,3.0,0
36829,,,,,2.0,0
36840,,,,,1.0,0
36841,,,,,2.0,0
36842,784.455852,76406.0,97.4,5.0,5.0,0
36843,,,,,1.0,0
36844,,,,,,0
36870,778.939862,104118.294901,133.6666,51.0,58.0,0
36874,883.093525,122750.0,139.0,4.0,4.0,0
36875,,,,,,0
36876,666.057059,73399.488,110.2,5.0,6.0,0
36877,,,,,,0
36878,,,,,2.0,0
36879,,,,,2.0,0
36880,404.966185,78144.975,192.9666,60.0,153.0,0
36883,773.939393,76620.0,99.0,5.0,5.0,0
36884,,,,,6.0,0
36885,,,,,1.0,0
36886,,,,,1.0,0
36887,,,,,1.0,0
36888,,,,,3.0,0
36889,,,,,2.0,0
36890,1322.452067,126994.294117,96.0294,34.0,43.0,0
36116,,,,,4.0,0
36117,,,,,,0
36120,694.714459,127055.555555,182.8888,9.0,12.0,0
36121,558.48537,129792.0,232.4,10.0,11.0,0
36139,484.05856,85021.428571,175.6428,14.0,17.0,0
36420,312.024,65005.0,208.3333,6.0,8.0,0
36428,,,,,2.0,0
36429,,,,,2.0,0
36430,228.794642,62638.888888,273.7777,18.0,31.0,0
36435,,,,,1.0,0
36436,,,,,,0
36437,,,,,2.0,0
36438,,,,,,0
36490,,,,,,0
36491,1073.834196,103625.0,96.5,4.0,6.0,0
36492,,,,,,0
36493,,,,,1.0,0
36494,,,,,2.0,0
36520,635.744234,75812.5,119.25,8.0,21.0,0
36524,,,,,,0
36525,,,,,,0
36526,,,,,,0
36527,,,,,,0
36528,,,,,,0
36529,,,,,1.0,0
36550,292.044176,60978.824,208.8,10.0,13.0,0
36555,,,,,,0
36556,,,,,5.0,0
36557,,,,,2.0,0
36560,268.646646,96282.958,358.4,5.0,5.0,0
36567,,,,,,0
36569,,,,,2.0,0
36580,,,,,,0
36581,,,,,,0
36582,,,,,,0
36586,,,,,,0
36830,425.77821,79581.818181,186.909,11.0,15.0,0
36835,,,,,1.0,0
36836,,,,,1.0,0
36837,,,,,2.0,0
36838,,,,,1.0,0
36839,,,,,1.0,0
36845,,,,,2.0,0
36846,,,,,,0
36847,355.315747,111125.0,312.75,8.0,8.0,0
36848,,,,,1.0,0
36849,,,,,,0
36851,,,,,1.0,0
36852,,,,,1.0,0
36854,,,,,,0
36855,,,,,,0
36856,,,,,4.0,0
36857,,,,,1.0,0
36858,,,,,,0
36859,,,,,,0
36872,457.415293,74863.636363,163.6666,33.0,37.0,0
36873,581.96881,119420.0,205.2,10.0,14.0,0
30001,1639.772221,180548.253658,110.1056,123.0,141.0,0
30002,1422.65101,132921.744414,93.4324,222.0,246.0,0
30003,1509.14351,136052.56826,90.1521,184.0,200.0,0
30004,2141.516882,229659.839666,107.2416,120.0,138.0,0
30005,1853.366682,188302.054933,101.6,150.0,161.0,0
30006,1145.492725,118574.995967,103.5144,243.0,281.0,0
30007,2243.47158,217851.305278,97.1045,593.0,656.0,0
30008,2390.241595,260947.677767,109.172,215.0,252.0,0
30009,1619.865488,181573.12429,112.0914,317.0,389.0,0
30010,1165.273498,114340.825449,98.1235,178.0,212.0,0
30011,1239.641338,128524.90388,103.6791,134.0,160.0,0
30012,1135.623737,126224.274812,111.1497,187.0,241.0,0
30100,1284.637079,133663.695434,104.0478,230.0,264.0,0
30107,1507.237751,170953.571632,113.4217,147.0,151.0,0
30108,1081.543296,145197.1875,134.25,16.0,16.0,0
30110,1707.969168,215749.716527,126.3194,360.0,394.0,0
30120,881.886637,101510.143735,115.1056,265.0,295.0,0
30130,610.342363,77519.131481,127.0092,108.0,118.0,0
30139,553.197083,84579.882678,152.8928,56.0,60.0,0
30150,1435.361912,179203.951712,124.8493,146.0,155.0,0
30151,1466.513573,170003.991956,115.9239,92.0,95.0,0
30152,954.662708,138650.719215,145.2352,51.0,59.0,0
30153,914.773106,114527.582417,125.1978,91.0,98.0,0
30154,1100.419207,120312.5,109.3333,12.0,13.0,0
30155,2510.107193,334143.627339,133.1192,109.0,115.0,0
30156,904.706855,104370.272727,115.3636,11.0,11.0,0
30157,900.263467,122151.537894,135.6842,95.0,104.0,0
30158,927.450419,122472.919333,132.0533,75.0,86.0,0
30160,772.57889,107575.757575,139.2424,33.0,36.0,0
30161,639.646468,116628.872727,182.3333,33.0,37.0,0
30162,648.507475,98248.8825,151.5,12.0,17.0,0
30163,1146.858094,184959.53925,161.275,200.0,219.0,0
30164,786.384071,111309.090909,141.5454,11.0,12.0,0
30165,767.316449,113880.344827,148.4137,29.0,30.0,0
30166,911.800475,104075.511428,114.1428,14.0,15.0,0
30167,596.093037,78422.0,131.56,25.0,27.0,0
30168,638.0291,87700.0,137.4545,22.0,24.0,0
30169,994.687764,120760.471351,121.4054,37.0,39.0,0
30179,,,,,4.0,0
30331,624.738626,78962.5,126.3928,28.0,31.0,0
30369,901.422948,124058.333333,137.625,24.0,28.0,0
30370,2357.053665,224990.076513,95.4539,152.0,159.0,0
30380,1861.427707,156812.631117,84.2432,662.0,704.0,0
30385,2091.365761,243525.141317,116.4431,167.0,174.0,0
30420,785.954515,84528.797253,107.5492,193.0,238.0,0
30500,861.075277,119415.054945,138.6813,728.0,798.0,0
30506,1431.549394,220705.425603,154.1724,116.0,132.0,0
30507,1338.346686,300681.888888,224.6666,9.0,9.0,0
30508,1171.473118,158447.064181,135.2545,55.0,66.0,0
30509,1179.479631,230515.843684,195.4385,171.0,181.0,0
30510,692.027643,84566.96603,122.2017,466.0,576.0,0
30530,976.434151,95074.383206,97.3689,290.0,324.0,0
30565,366.590952,121113.436556,330.3775,241.0,256.0,0
30570,713.008894,99778.804166,139.9404,168.0,184.0,0
30579,766.439933,93699.906643,122.2534,146.0,184.0,0
30580,452.139143,52953.866666,117.1185,135.0,153.0,0
30588,626.866088,83048.148148,132.4814,27.0,29.0,0
30589,762.99153,91725.454545,120.2181,55.0,63.0,0
30590,1458.631024,140098.563207,96.0479,396.0,422.0,0
30592,1318.98296,122953.46908,93.2183,87.0,89.0,0
30609,544.356955,69133.333333,127.0,24.0,50.0,0
30627,,,,,1.0,0
30710,2148.21286,177838.752853,82.7845,1188.0,1248.0,0
30739,2035.393265,210350.318899,103.3462,309.0,326.0,0
30740,1762.624519,152634.48714,86.595,1042.0,1088.0,0
30820,865.193077,90390.510446,104.4743,605.0,639.0,0
30830,1248.573929,153374.204938,122.8395,81.0,86.0,0
30831,714.600954,87094.17,121.878,41.0,43.0,0
30832,679.182108,81763.076923,120.3846,26.0,27.0,0
30833,1227.445951,157221.385833,128.0882,204.0,284.0,0
30834,1373.742882,257347.833333,187.3333,6.0,6.0,0
30835,808.269938,113575.862068,140.5172,58.0,61.0,0
30836,726.504832,87755.729583,120.7916,24.0,25.0,0
30837,,,,,,0
30850,828.752969,112297.523249,135.5018,277.0,301.0,0
30858,539.048614,93745.454545,173.909,11.0,11.0,0
30859,489.852748,115153.076923,235.0769,13.0,17.0,0
30880,1251.243339,133922.970638,107.0319,658.0,722.0,0
30889,1597.72537,132814.091481,83.1269,189.0,196.0,0
30890,743.424826,83587.984181,112.4363,165.0,194.0,0
30140,698.223413,91518.987407,131.074,135.0,145.0,0
30148,,,,,2.0,0
30149,615.280135,90600.0,147.25,8.0,8.0,0
30180,456.429293,63415.79832,138.9389,131.0,174.0,0
30189,318.590831,56295.0,176.7,10.0,14.0,0
30201,1415.442592,184656.281527,130.4583,144.0,163.0,0
30202,1320.375925,125498.964431,95.0479,167.0,194.0,0
30203,1323.722223,125506.726507,94.8134,252.0,274.0,0
30204,1345.296899,161132.537391,119.7747,253.0,269.0,0
30205,1352.958683,140870.249363,104.1201,283.0,319.0,0
30300,1026.846109,106470.018262,103.6864,236.0,250.0,0
30310,977.615839,113710.196568,116.3137,341.0,364.0,0
30319,1322.977234,188489.440701,142.4736,57.0,63.0,0
30330,558.591103,99269.619047,177.7142,21.0,22.0,0
30335,1306.403868,234602.631578,179.5789,19.0,20.0,0
30350,2174.15909,398595.833333,183.3333,6.0,6.0,0
30351,682.352941,104400.0,153.0,5.0,9.0,0
30360,800.946066,85214.167297,106.3918,296.0,315.0,0
30364,1015.940565,97812.5,96.2777,36.0,37.0,0
30365,,,,,,0
30366,928.812421,110071.203432,118.5074,67.0,81.0,0
30367,,,,,,0
30368,1280.736159,119245.684523,93.1071,168.0,173.0,0
30381,759.216687,77539.130434,102.1304,23.0,26.0,0
30382,1114.616533,223815.0,200.8,10.0,11.0,0
30383,930.855193,82937.372549,89.098,102.0,110.0,0
30384,1623.60112,149710.296703,92.2087,182.0,188.0,0
30390,658.16468,93254.622222,141.6888,45.0,50.0,0
30391,,,,,2.0,0
30392,742.519189,99497.571428,134.0,7.0,9.0,0
30393,1353.697813,148023.913043,109.3478,23.0,25.0,0
30394,1257.497522,211515.74074,168.2037,54.0,54.0,0
30395,1082.855275,129617.7765,119.7,60.0,61.0,0
30396,928.769708,123784.362777,133.2777,18.0,19.0,0
30397,577.579686,97190.90909,168.2727,11.0,11.0,0
30398,675.763546,97985.714285,145.0,7.0,7.0,0
30399,,,,,2.0,0
30413,346.153846,65250.0,188.5,4.0,6.0,0
30520,606.65441,84503.709464,139.2946,224.0,339.0,0
30528,374.417619,68000.0,181.6153,13.0,18.0,0
30529,920.739705,139315.0,151.3076,13.0,14.0,0
30540,658.259958,69212.570131,105.1447,76.0,115.0,0
30550,545.145788,62887.195283,115.3584,106.0,142.0,0
30559,998.074974,115894.117647,116.1176,17.0,20.0,0
30560,592.913241,77353.695652,130.4637,69.0,80.0,0
30561,557.713144,87604.705882,157.0784,51.0,65.0,0
30562,606.879482,91564.887051,150.8782,156.0,170.0,0
30563,692.258064,80475.0,116.25,4.0,6.0,0
30564,624.900248,86618.826224,138.6122,98.0,112.0,0
30591,1448.1837,131356.844318,90.7045,44.0,46.0,0
30593,1012.403834,112652.935757,111.2727,33.0,40.0,0
30594,881.733298,121903.636363,138.2545,55.0,59.0,0
30600,650.316645,78368.236367,120.5078,256.0,281.0,0
30700,1783.096392,191563.570492,107.433,568.0,590.0,0
30708,858.245134,114263.636363,133.1363,22.0,23.0,0
30709,1910.875746,153684.531377,80.4262,305.0,308.0,0
30720,1883.572777,156091.041146,82.8696,445.0,466.0,0
30729,1499.160134,111562.5,74.4166,24.0,25.0,0
30730,1421.147293,155580.845349,109.4755,572.0,624.0,0
30800,1060.463342,109587.780287,103.3395,592.0,649.0,0
30810,553.147139,58688.9115,106.1,20.0,33.0,0
30811,811.678832,123555.555555,152.2222,9.0,11.0,0
30812,420.805171,59666.666666,141.7916,24.0,29.0,0
30813,1373.307879,172021.73913,125.2608,23.0,25.0,0
30814,475.718533,80000.0,168.1666,6.0,8.0,0
30815,705.18602,156375.0,221.75,8.0,10.0,0
30816,1051.770416,131546.428571,125.0714,14.0,16.0,0
30817,,,,,1.0,0
30818,982.594936,155250.0,158.0,4.0,5.0,0
30840,1227.25209,110241.754184,89.8281,576.0,622.0,0
30848,,,,,,0
30849,,,,,,0
30868,1907.547529,181228.790246,95.0061,162.0,177.0,0
30876,796.787056,104089.363636,130.6363,11.0,13.0,0
30878,786.304604,74000.0,94.1111,9.0,9.0,0
30891,717.392804,162704.688,226.8,5.0,6.0,0
30892,461.979934,90532.406779,195.9661,59.0,64.0,0
30893,708.317669,100486.666666,141.8666,15.0,16.0,0
30170,495.005729,71062.89805,143.5597,159.0,217.0,0
30176,321.02981,57934.682093,180.4651,43.0,52.0,0
30177,,,,,1.0,0
30178,588.393543,127583.333333,216.8333,6.0,6.0,0
30190,313.49853,42670.633333,136.1111,9.0,14.0,0
30191,589.181986,93070.437241,157.9655,29.0,34.0,0
30192,,,,,,0
30193,293.367346,51111.111111,174.2222,9.0,12.0,0
30194,1002.276176,165125.0,164.75,4.0,5.0,0
30195,569.468267,83000.0,145.75,16.0,23.0,0
30320,881.723623,122923.550988,139.4127,172.0,202.0,0
30332,691.381286,99752.492,144.28,25.0,28.0,0
30333,1104.273667,161312.297333,146.08,75.0,88.0,0
30334,560.455824,94306.033333,168.2666,30.0,35.0,0
30338,305.048704,71838.97,235.5,8.0,8.0,0
30400,804.786603,87176.56172,108.3225,186.0,256.0,0
30410,669.124423,93342.857142,139.5,28.0,34.0,0
30411,,,,,2.0,0
30412,378.15126,45000.0,119.0,7.0,9.0,0
30430,575.21223,67672.503732,117.6478,142.0,179.0,0
30439,321.326676,37541.666666,116.8333,12.0,16.0,0
30440,543.423795,58406.89178,107.4794,73.0,117.0,0
30441,,,,,2.0,0
30442,,,,,6.0,0
30610,467.763246,87179.375,186.375,8.0,12.0,0
30611,,,,,5.0,0
30612,432.931242,51271.428571,118.4285,7.0,12.0,0
30613,686.645333,69190.592258,100.7661,124.0,145.0,0
30620,663.784961,96557.556627,145.4651,86.0,133.0,0
30626,1666.427792,187010.23,112.2222,18.0,22.0,0
30628,1286.473988,202327.272727,157.2727,11.0,12.0,0
30629,1069.656488,186833.333333,174.6666,6.0,8.0,0
30640,742.097831,97079.88909,130.8181,44.0,54.0,0
30648,683.424323,150565.448275,220.3103,29.0,40.0,0
30649,,,,,,0
30860,1347.071174,117972.946928,87.5773,433.0,452.0,0
30870,1138.641225,125169.923053,109.9292,226.0,239.0,0
30875,1309.637975,137589.677796,105.0593,118.0,118.0,0
30877,1737.433256,196670.28,113.1958,97.0,100.0,0
30879,1705.103368,160648.786623,94.2164,231.0,231.0,0
32001,1021.148744,97491.956467,95.4728,184.0,221.0,0
32002,1041.457495,112537.165286,108.0573,244.0,293.0,0
32003,1734.07087,216966.354529,125.1196,117.0,128.0,0
32004,1551.90779,178054.096619,114.7323,142.0,182.0,0
32005,1275.306519,121948.875579,95.6231,276.0,389.0,0
32103,788.247213,111142.857142,141.0,7.0,8.0,0
32153,,,,,3.0,0
32172,373.015873,58750.0,157.5,4.0,5.0,0
32300,757.125181,77723.985074,102.6567,67.0,74.0,0
32314,,,,,2.0,0
32315,559.912854,51400.0,91.8,5.0,5.0,0
32317,,,,,,0
32318,,,,,2.0,0
32350,468.563946,66249.735833,141.3888,36.0,44.0,0
32357,,,,,1.0,0
32416,,,,,1.0,0
32417,394.293582,67380.392222,170.8888,9.0,10.0,0
32430,757.947976,74928.571428,98.8571,7.0,13.0,0
32500,805.277273,87159.010608,108.2347,115.0,156.0,0
32510,250.118167,69595.38,278.25,4.0,8.0,0
32515,,,,,4.0,0
32516,,,,,4.0,0
32520,281.172819,155172.25,551.875,8.0,15.0,0
32534,,,,,2.0,0
32574,,,,,1.0,0
32600,614.688826,73312.240689,119.2672,116.0,142.0,0
32610,,,,,1.0,0
32611,,,,,4.0,0
32613,479.797979,40714.285714,84.8571,7.0,14.0,0
32615,,,,,4.0,0
32619,,,,,3.0,0
32624,,,,,13.0,0
32630,640.621407,84156.734693,131.3673,49.0,108.0,0
32631,440.894526,83769.96,190.0,7.0,14.0,0
32632,269.230769,37625.0,139.75,4.0,14.0,0
32635,,,,,7.0,0
32636,378.04878,68200.0,180.4,5.0,8.0,0
32637,,,,,8.0,0
32640,,,,,5.0,0
32660,1011.32529,130658.830434,129.1956,46.0,69.0,0
32664,592.250922,89166.666666,150.5555,9.0,11.0,0
32665,1537.174311,83776.0,54.5,4.0,7.0,0
32667,,,,,8.0,0
32668,648.752399,67600.0,104.2,5.0,10.0,0
32669,,,,,3.0,0
32690,508.69936,97415.9275,191.5,4.0,15.0,0
32697,,,,,6.0,0
32698,,,,,3.0,0
32699,,,,,2.0,0
32705,,,,,1.0,0
32710,763.460191,148631.818181,194.6818,22.0,31.0,0
32711,,,,,6.0,0
32720,770.076481,115071.428571,149.4285,7.0,11.0,0
32792,748.839506,126366.666666,168.75,12.0,15.0,0
32793,999.236058,186857.142857,187.0,7.0,11.0,0
32812,219.476744,37750.0,172.0,4.0,15.0,0
32813,,,,,7.0,0
32815,,,,,6.0,0
32816,,,,,4.0,0
32823,,,,,5.0,0
32890,661.769336,123166.951764,186.1176,17.0,27.0,0
32900,,,,,3.0,0
32901,670.936749,104750.0,156.125,8.0,16.0,0
32910,408.453522,122485.0,299.875,8.0,12.0,0
32911,904.402355,132243.722222,146.2222,27.0,32.0,0
32920,1528.976618,318791.625,208.5,4.0,10.0,0
32930,405.614437,94400.0,232.7333,15.0,26.0,0
32940,787.940379,166142.857142,210.8571,7.0,11.0,0
32960,654.618473,130400.0,199.2,5.0,7.0,0
32970,,,,,8.0,0
32971,702.404809,116833.333333,166.3333,6.0,7.0,0
32980,720.447284,150333.333333,208.6666,6.0,8.0,0
32981,2610.945945,161008.333333,61.6666,6.0,6.0,0
32990,,,,,3.0,0
32100,,,,,5.0,0
32101,469.433962,103666.666666,220.8333,6.0,9.0,0
32102,122.630992,110000.0,897.0,4.0,4.0,0
32111,,,,,6.0,0
32120,,,,,2.0,0
32135,,,,,3.0,0
32137,,,,,8.0,0
32138,,,,,2.0,0
32140,,,,,3.0,0
32141,,,,,8.0,0
32152,589.572192,88200.0,149.6,5.0,6.0,0
32170,330.368023,96821.428571,293.0714,14.0,16.0,0
32212,,,,,7.0,0
32235,,,,,2.0,0
32348,,,,,1.0,0
32400,526.776865,68034.030303,129.1515,33.0,45.0,0
32410,153.498871,40800.0,265.8,5.0,6.0,0
32411,291.6048,53655.283333,184.0,6.0,7.0,0
32415,,,,,3.0,0
32418,,,,,5.0,0
32456,,,,,2.0,0
32526,,,,,1.0,0
32530,234.862013,53274.533333,226.8333,6.0,11.0,0
32547,,,,,1.0,0
32557,,,,,2.0,0
32612,,,,,3.0,0
32616,,,,,9.0,0
32617,,,,,2.0,0
32618,583.020101,43216.365,74.125,8.0,18.0,0
32646,,,,,1.0,0
32650,,,,,6.0,0
32651,,,,,3.0,0
32666,,,,,4.0,0
32670,422.155688,56400.0,133.6,5.0,12.0,0
32678,297.466666,26772.0,90.0,5.0,11.0,0
32679,,,,,8.0,0
32680,,,,,,0
32688,,,,,1.0,0
32689,,,,,3.0,0
32691,,,,,,0
32692,363.779527,77000.0,211.6666,6.0,13.0,0
32693,,,,,3.0,0
32696,,,,,2.0,0
32700,394.906591,80025.0,202.6428,14.0,22.0,0
32701,348.035492,43029.842727,123.6363,11.0,23.0,0
32702,,,,,6.0,0
32703,,,,,3.0,0
32704,420.182215,58525.38,139.2857,7.0,9.0,0
32706,,,,,2.0,0
32707,,,,,1.0,0
32708,,,,,4.0,0
32780,728.047182,55550.0,76.3,10.0,17.0,0
32782,,,,,1.0,0
32787,,,,,2.0,0
32788,,,,,1.0,0
32789,,,,,,0
32790,,,,,1.0,0
32794,,,,,1.0,0
32800,664.558418,98449.582857,148.1428,42.0,49.0,0
32810,,,,,7.0,0
32811,326.064382,52333.333333,160.5,6.0,9.0,0
32814,,,,,9.0,0
32817,,,,,3.0,0
32828,,,,,2.0,0
32830,522.486595,86616.666666,165.7777,9.0,17.0,0
32838,410.437193,58199.994,141.8,5.0,6.0,0
32839,395.454634,53386.375714,135.0,7.0,8.0,0
32869,,,,,1.0,0
32950,276.720351,63000.0,227.6666,6.0,13.0,0
32150,,,,,10.0,0
32151,,,,,5.0,0
32200,195.667612,58504.616,299.0,5.0,8.0,0
32211,,,,,2.0,0
32213,,,,,5.0,0
32226,,,,,,0
32227,,,,,,0
32229,,,,,4.0,0
32236,,,,,4.0,0
32310,426.74581,43650.0,102.2857,7.0,10.0,0
32311,,,,,4.0,0
32312,,,,,5.0,0
32320,,,,,4.0,0
32340,,,,,6.0,0
32370,,,,,,0
32371,,,,,2.0,0
32375,,,,,1.0,0
32440,,,,,4.0,0
32449,,,,,,0
32450,,,,,4.0,0
32453,,,,,1.0,0
32454,224.623164,35490.46,158.0,10.0,21.0,0
32455,,,,,2.0,0
32459,252.668213,62228.571428,246.2857,7.0,9.0,0
32550,611.388154,115613.5,189.1,10.0,16.0,0
32554,,,,,2.0,0
32555,,,,,1.0,0
32556,,,,,1.0,0
32558,,,,,4.0,0
32560,,,,,1.0,0
32562,,,,,1.0,0
32563,,,,,1.0,0
32570,241.535958,36079.43375,149.375,8.0,17.0,0
32575,,,,,3.0,0
32577,,,,,3.0,0
32620,,,,,1.0,0
32621,,,,,1.0,0
32622,,,,,5.0,0
32633,,,,,,0
32634,,,,,10.0,0
32644,,,,,2.0,0
32652,,,,,8.0,0
32654,,,,,1.0,0
32655,,,,,3.0,0
32695,369.104016,71680.0,194.2,5.0,13.0,0
32764,,,,,4.0,0
32768,,,,,,0
32769,,,,,5.0,0
32820,451.118963,76600.0,169.8,5.0,7.0,0
32821,,,,,1.0,0
32824,,,,,5.0,0
32825,,,,,1.0,0
32826,,,,,6.0,0
32846,,,,,3.0,0
32859,,,,,3.0,0
32860,281.648129,52104.904,185.0,5.0,7.0,0
32868,,,,,5.0,0
32870,,,,,7.0,0
32879,,,,,3.0,0
32880,,,,,4.0,0
32892,,,,,4.0,0
32895,,,,,3.0,0
32896,,,,,,0
32898,,,,,4.0,0
32899,,,,,3.0,0
32130,,,,,5.0,0
32136,,,,,1.0,0
32139,,,,,,0
32160,509.2233,104900.0,206.0,5.0,11.0,0
32161,,,,,2.0,0
32164,575.0,56925.0,99.0,4.0,4.0,0
32330,,,,,4.0,0
32334,,,,,,0
32336,,,,,3.0,0
32337,,,,,4.0,0
32338,,,,,1.0,0
32356,,,,,5.0,0
32372,,,,,1.0,0
32373,,,,,5.0,0
32412,,,,,5.0,0
32413,,,,,3.0,0
32419,,,,,1.0,0
32420,441.520545,63512.7305,143.85,20.0,25.0,0
32425,,,,,4.0,0
32426,,,,,1.0,0
32428,,,,,6.0,0
32429,,,,,2.0,0
32431,546.296296,110625.0,202.5,4.0,5.0,0
32432,,,,,,0
32433,,,,,1.0,0
32448,,,,,2.0,0
32452,,,,,2.0,0
32512,,,,,,0
32514,344.515137,68730.77,199.5,10.0,17.0,0
32521,,,,,1.0,0
32522,,,,,,0
32523,,,,,,0
32525,,,,,1.0,0
32536,,,,,1.0,0
32537,,,,,,0
32539,,,,,,0
32540,,,,,3.0,0
32545,,,,,,0
32546,,,,,,0
32548,,,,,1.0,0
32549,,,,,3.0,0
32625,,,,,4.0,0
32626,,,,,4.0,0
32641,,,,,2.0,0
32643,,,,,10.0,0
32648,,,,,1.0,0
32730,354.274611,54700.0,154.4,5.0,9.0,0
32750,,,,,3.0,0
32751,,,,,,0
32760,371.477383,51821.095,139.5,10.0,17.0,0
32765,,,,,3.0,0
32766,,,,,1.0,0
32770,,,,,2.0,0
32779,,,,,2.0,0
32781,,,,,1.0,0
32791,,,,,3.0,0
32840,,,,,9.0,0
32847,,,,,2.0,0
32848,,,,,2.0,0
32849,,,,,4.0,0
32358,,,,,3.0,0
32360,,,,,6.0,0
32365,,,,,3.0,0
32366,,,,,3.0,0
32368,,,,,2.0,0
32369,,,,,4.0,0
32740,1005.193236,104037.5,103.5,4.0,9.0,0
32747,,,,,2.0,0
32748,,,,,3.0,0
32749,,,,,1.0,0
32767,,,,,,0
32784,,,,,1.0,0
32785,,,,,,0
32786,,,,,3.0,0
32850,,,,,4.0,0
32858,,,,,,0
32897,,,,,3.0,0
27001,1190.763001,168713.724157,141.6853,89.0,115.0,0
27002,1453.32248,161900.124366,111.4,300.0,373.0,0
27003,1001.063205,111108.831743,110.9908,327.0,369.0,0
27004,965.872492,111027.554911,114.9505,283.0,346.0,0
27140,,,,,1.0,0
27141,,,,,,0
27146,,,,,2.0,0
27160,,,,,3.0,0
27161,,,,,,0
27169,,,,,1.0,0
27180,,,,,1.0,0
27181,,,,,4.0,0
27182,,,,,1.0,0
27185,,,,,1.0,0
27188,,,,,,0
27190,,,,,1.0,0
27191,,,,,2.0,0
27192,,,,,4.0,0
27210,366.449049,184428.571428,503.2857,7.0,7.0,0
27230,,,,,1.0,0
27231,,,,,,0
27232,,,,,2.0,0
27233,,,,,3.0,0
27289,,,,,1.0,0
27290,,,,,,0
27293,,,,,,0
27294,827.009936,228875.0,276.75,4.0,4.0,0
27296,,,,,3.0,0
27297,,,,,3.0,0
27298,,,,,3.0,0
27299,,,,,2.0,0
27370,350.125832,70235.242,200.6,15.0,19.0,0
27372,,,,,6.0,0
27373,497.826086,98142.857142,197.1428,7.0,11.0,0
27375,,,,,8.0,0
27400,507.178758,78714.143282,155.2,195.0,256.0,0
27410,,,,,3.0,0
27411,,,,,1.0,0
27412,,,,,1.0,0
27413,,,,,2.0,0
27414,,,,,1.0,0
27415,,,,,,0
27416,319.431956,78633.5,246.1666,6.0,8.0,0
27417,,,,,,0
27418,,,,,3.0,0
27419,,,,,5.0,0
27420,,,,,1.0,0
27515,,,,,9.0,0
27590,,,,,,0
27591,,,,,1.0,0
27592,,,,,2.0,0
27612,,,,,,0
27614,,,,,,0
27615,,,,,,0
27700,982.669939,150542.875054,153.1978,91.0,108.0,0
27710,503.292568,107000.0,212.6,5.0,6.0,0
27711,,,,,,0
27712,,,,,1.0,0
27713,1245.098039,241300.0,193.8,5.0,6.0,0
27714,,,,,8.0,0
27715,1704.918032,133714.285714,78.4285,7.0,10.0,0
27780,1200.530101,121123.197028,100.8914,175.0,197.0,0
27785,,,,,2.0,0
27786,,,,,,0
27787,,,,,2.0,0
27788,,,,,2.0,0
27789,,,,,,0
27796,,,,,6.0,0
27797,,,,,3.0,0
27843,,,,,1.0,0
27850,1009.335747,113560.298079,112.5099,151.0,221.0,0
27861,976.369938,104711.070377,107.2452,53.0,83.0,0
27863,854.049372,109555.555555,128.2777,18.0,24.0,0
27864,,,,,5.0,0
27866,,,,,5.0,0
27867,,,,,6.0,0
27869,,,,,5.0,0
27880,810.705931,95555.757244,117.8673,98.0,120.0,0
27892,359.796544,104125.12,289.4,5.0,7.0,0
27893,,,,,2.0,0
27150,973.311635,170885.714285,175.5714,14.0,20.0,0
27151,,,,,,0
27152,,,,,,0
27153,,,,,4.0,0
27154,1340.34034,191285.714285,142.7142,7.0,7.0,0
27155,,,,,,0
27157,,,,,2.0,0
27215,,,,,,0
27240,819.33819,89963.333333,109.8,15.0,20.0,0
27241,,,,,2.0,0
27246,,,,,3.0,0
27247,,,,,,0
27248,,,,,2.0,0
27286,,,,,5.0,0
27287,,,,,1.0,0
27320,353.253528,63797.587333,180.6,15.0,24.0,0
27328,,,,,2.0,0
27329,,,,,4.0,0
27374,,,,,,0
27376,,,,,4.0,0
27377,541.83984,89829.305,165.7857,14.0,22.0,0
27378,,,,,2.0,0
27379,,,,,,0
27390,,,,,3.0,0
27391,245.87912,44750.0,182.0,4.0,6.0,0
27392,,,,,2.0,0
27514,,,,,4.0,0
27516,,,,,,0
27517,,,,,4.0,0
27533,,,,,2.0,0
27549,,,,,1.0,0
27560,533.084243,69789.612222,130.9166,36.0,51.0,0
27568,,,,,4.0,0
27569,,,,,2.0,0
27600,689.528092,90271.661393,130.918,122.0,141.0,0
27610,,,,,,0
27611,435.358255,55900.0,128.4,5.0,8.0,0
27613,,,,,1.0,0
27616,,,,,1.0,0
27617,,,,,,0
27618,,,,,,0
27619,,,,,1.0,0
27637,,,,,1.0,0
27690,,,,,1.0,0
27750,,,,,2.0,0
27751,,,,,6.0,0
27760,372.915992,70384.44074,188.7407,27.0,37.0,0
27778,,,,,2.0,0
27790,1278.624102,114762.121228,89.7543,114.0,129.0,0
27792,555.260831,125600.0,226.2,5.0,6.0,0
27793,1179.649595,89774.358974,76.1025,39.0,57.0,0
27794,941.110183,98039.130434,104.1739,46.0,46.0,0
27798,,,,,7.0,0
27800,564.179039,87806.170705,155.6352,85.0,117.0,0
27810,585.987261,92000.0,157.0,4.0,5.0,0
27811,,,,,1.0,0
27812,,,,,1.0,0
27813,,,,,2.0,0
27814,,,,,1.0,0
27815,,,,,3.0,0
27816,,,,,,0
27818,,,,,1.0,0
27820,,,,,5.0,0
27821,,,,,,0
27822,,,,,,0
27823,,,,,,0
27825,,,,,2.0,0
27830,,,,,1.0,0
27840,,,,,,0
27841,,,,,,0
27870,693.137254,101000.0,145.7142,7.0,19.0,0
27876,,,,,1.0,0
27877,,,,,3.0,0
27878,,,,,3.0,0
27879,,,,,6.0,0
27888,,,,,3.0,0
27889,,,,,2.0,0
27890,971.878787,92515.384615,95.1923,26.0,39.0,0
27891,339.416058,79714.285714,234.8571,7.0,10.0,0
27113,,,,,3.0,0
27145,,,,,,0
27156,,,,,,0
27162,,,,,,0
27163,454.478752,212371.428571,467.2857,7.0,10.0,0
27164,,,,,1.0,0
27168,,,,,,0
27220,556.773697,88972.4368,159.8,25.0,37.0,0
27226,,,,,3.0,0
27227,,,,,3.0,0
27228,,,,,1.0,0
27229,,,,,5.0,0
27235,,,,,2.0,0
27250,554.194871,123664.627142,223.1428,7.0,9.0,0
27256,,,,,2.0,0
27257,,,,,1.0,0
27258,,,,,2.0,0
27259,,,,,3.0,0
27260,1105.680087,108514.602857,98.1428,7.0,7.0,0
27266,,,,,1.0,0
27267,,,,,1.0,0
27268,,,,,1.0,0
27269,,,,,2.0,0
27271,,,,,3.0,0
27300,573.258418,68681.818095,119.8095,21.0,34.0,0
27305,,,,,1.0,0
27306,,,,,1.0,0
27307,,,,,7.0,0
27308,,,,,,0
27309,,,,,3.0,0
27347,,,,,2.0,0
27369,,,,,1.0,0
27380,325.821055,65571.4875,201.25,4.0,5.0,0
27388,,,,,,0
27389,,,,,2.0,0
27500,377.544537,89196.747647,236.2549,51.0,82.0,0
27510,,,,,,0
27511,,,,,,0
27512,,,,,3.0,0
27513,357.392825,81700.0,228.6,5.0,8.0,0
27518,,,,,1.0,0
27519,,,,,3.0,0
27540,323.288805,68123.4172,210.72,25.0,34.0,0
27543,,,,,1.0,0
27544,,,,,,0
27545,,,,,1.0,0
27546,,,,,1.0,0
27547,,,,,12.0,0
27548,183.24909,55432.85,302.5,4.0,6.0,0
27570,421.798365,96750.0,229.375,8.0,14.0,0
27576,,,,,1.0,0
27577,,,,,2.0,0
27578,,,,,1.0,0
27579,,,,,3.0,0
27594,,,,,1.0,0
27595,,,,,,0
27633,,,,,,0
27677,,,,,2.0,0
27695,,,,,1.0,0
27730,301.86481,62536.326666,207.1666,6.0,15.0,0
27737,,,,,,0
27738,,,,,,0
27740,429.531872,78409.090909,182.5454,22.0,41.0,0
27742,,,,,1.0,0
27743,,,,,4.0,0
27744,,,,,8.0,0
27745,,,,,,0
27747,197.898658,53116.0,268.4,5.0,13.0,0
27748,,,,,,0
27749,,,,,2.0,0
27752,,,,,,0
27770,651.253496,67730.363636,104.0,11.0,14.0,0
27777,,,,,1.0,0
27779,330.882352,61875.0,187.0,4.0,7.0,0
27791,174.106364,49925.0,286.75,4.0,6.0,0
27845,,,,,,0
27849,,,,,,0
27860,764.181234,93130.434782,121.8695,23.0,51.0,0
27865,,,,,9.0,0
27868,,,,,1.0,0
27100,415.628349,55397.321428,133.2857,7.0,9.0,0
27110,,,,,,0
27111,,,,,,0
27112,,,,,6.0,0
27114,,,,,6.0,0
27115,,,,,3.0,0
27116,,,,,,0
27117,,,,,,0
27118,,,,,1.0,0
27134,,,,,,0
27135,,,,,2.0,0
27136,,,,,,0
27183,,,,,1.0,0
27184,,,,,,0
27186,,,,,,0
27200,632.892943,98652.1875,155.875,16.0,27.0,0
27203,,,,,,0
27204,,,,,3.0,0
27205,,,,,1.0,0
27206,,,,,,0
27207,,,,,3.0,0
27208,,,,,,0
27209,,,,,3.0,0
27211,728.287841,146750.0,201.5,4.0,6.0,0
27216,,,,,,0
27217,,,,,,0
27234,,,,,1.0,0
27310,191.895755,43916.714285,228.8571,7.0,8.0,0
27317,,,,,3.0,0
27318,,,,,,0
27339,,,,,,0
27341,,,,,2.0,0
27342,,,,,1.0,0
27345,,,,,1.0,0
27346,,,,,6.0,0
27348,,,,,1.0,0
27362,,,,,,0
27363,,,,,4.0,0
27364,,,,,1.0,0
27520,,,,,6.0,0
27527,,,,,1.0,0
27528,556.894243,104000.0,186.75,4.0,11.0,0
27529,,,,,4.0,0
27530,,,,,3.0,0
27531,,,,,,0
27532,,,,,3.0,0
27550,407.002188,62000.0,152.3333,9.0,19.0,0
27554,,,,,,0
27555,,,,,3.0,0
27556,,,,,,0
27557,,,,,,0
27558,,,,,,0
27559,,,,,3.0,0
27596,,,,,6.0,0
27650,,,,,4.0,0
27659,,,,,1.0,0
27661,,,,,,0
27664,,,,,1.0,0
27680,373.717744,83792.857142,224.2142,14.0,16.0,0
27685,,,,,,0
27686,,,,,3.0,0
27687,,,,,,0
27688,,,,,,0
27689,,,,,1.0,0
27696,,,,,,0
27697,,,,,,0
27765,349.252962,72955.063333,208.8888,9.0,11.0,0
27766,,,,,4.0,0
27767,,,,,5.0,0
27768,,,,,,0
27773,,,,,2.0,0
27774,,,,,3.0,0
27775,243.619489,52500.0,215.5,4.0,6.0,0
27776,,,,,4.0,0
27824,,,,,,0
27826,,,,,1.0,0
27832,,,,,,0
27833,139.416058,38200.0,274.0,5.0,6.0,0
27834,,,,,1.0,0
27835,,,,,4.0,0
27120,,,,,5.0,0
27122,,,,,1.0,0
27124,,,,,1.0,0
27125,,,,,1.0,0
27126,,,,,,0
27127,,,,,1.0,0
27128,,,,,1.0,0
27142,,,,,,0
27243,,,,,1.0,0
27244,,,,,1.0,0
27245,,,,,1.0,0
27270,91.645743,61017.736,665.8,5.0,6.0,0
27272,,,,,,0
27273,,,,,,0
27274,,,,,,0
27275,,,,,,0
27279,,,,,2.0,0
27280,,,,,,0
27283,,,,,2.0,0
27340,570.274636,70600.0,123.8,5.0,9.0,0
27343,,,,,1.0,0
27344,,,,,,0
27349,,,,,2.0,0
27350,536.213468,84400.0,157.4,5.0,5.0,0
27359,,,,,3.0,0
27360,1456.300813,119416.666666,82.0,6.0,6.0,0
27366,,,,,,0
27367,533.575154,103727.01,194.4,5.0,6.0,0
27368,,,,,,0
27421,,,,,3.0,0
27422,,,,,2.0,0
27423,,,,,1.0,0
27424,,,,,,0
27425,,,,,,0
27430,,,,,4.0,0
27437,,,,,1.0,0
27438,265.478002,75661.230833,285.0,12.0,21.0,0
27439,264.258555,52125.0,197.25,4.0,6.0,0
27440,,,,,1.0,0
27450,,,,,1.0,0
27460,434.729444,91727.912857,211.0,7.0,18.0,0
27466,250.459667,66622.271428,266.0,7.0,11.0,0
27468,,,,,2.0,0
27469,,,,,1.0,0
27470,,,,,1.0,0
27593,,,,,1.0,0
27631,,,,,,0
27640,398.175708,55293.333333,138.8666,15.0,21.0,0
27646,,,,,,0
27647,,,,,,0
27648,,,,,1.0,0
27649,,,,,,0
27660,,,,,,0
27663,,,,,,0
27668,,,,,,0
27670,,,,,4.0,0
27671,,,,,3.0,0
27672,,,,,,0
27673,,,,,,0
27675,,,,,1.0,0
27676,,,,,,0
27678,,,,,,0
27679,,,,,,0
27691,,,,,,0
27692,,,,,,0
27693,,,,,4.0,0
27694,,,,,,0
27698,,,,,,0
27699,,,,,,0
27720,430.549727,60352.941176,140.1764,17.0,31.0,0
27721,,,,,2.0,0
27722,,,,,1.0,0
27723,,,,,5.0,0
27724,,,,,2.0,0
27725,,,,,4.0,0
27726,,,,,,0
27727,,,,,1.0,0
27728,,,,,2.0,0
27729,,,,,3.0,0
27129,,,,,,0
27130,,,,,4.0,0
27131,,,,,1.0,0
27132,,,,,,0
27133,,,,,,0
27143,,,,,,0
27144,,,,,,0
27166,,,,,,0
27170,,,,,3.0,0
27177,,,,,,0
27178,,,,,,0
27187,,,,,,0
27212,,,,,,0
27213,,,,,,0
27276,,,,,1.0,0
27277,,,,,,0
27278,,,,,1.0,0
27324,,,,,2.0,0
27325,,,,,4.0,0
27330,443.327399,99368.67,224.1428,7.0,12.0,0
27331,,,,,,0
27332,,,,,,0
27333,,,,,,0
27334,,,,,4.0,0
27335,,,,,2.0,0
27336,,,,,,0
27338,,,,,1.0,0
27620,308.867064,74392.838571,240.8571,7.0,7.0,0
27623,,,,,,0
27624,,,,,,0
27625,,,,,,0
27626,,,,,,0
27627,,,,,,0
27628,,,,,1.0,0
27630,,,,,,0
27632,,,,,,0
27634,,,,,,0
27635,,,,,1.0,0
27636,,,,,,0
27638,,,,,,0
27639,,,,,,0
27651,,,,,,0
27652,,,,,1.0,0
27653,,,,,,0
27654,,,,,,0
27655,,,,,1.0,0
27656,,,,,1.0,0
27657,,,,,,0
27658,,,,,,0
27662,,,,,,0
27665,,,,,,0
27666,,,,,2.0,0
27667,,,,,,0
27817,,,,,,0
27836,,,,,9.0,0
27837,,,,,1.0,0
